name,content
간성뇌증,간성뇌증 머리    간에 생긴 건강문제로 인해 해독 기능을 할 수 없어 암모니아가 과도하게 축적되어 나타나는 정신 이상 상태
강박증,"강박증 머리    자신의 의지와 상관없이 반복적으로 불안감, 불쾌감 등이 떠올라 특정 행동이나 사고를 반복하는 증상"
건망증,"건망증 머리    기억력에 장애가 생겨 금방 잊어버리거나, 드문 드문 기억하거나 또는 어떤 일정한 시기 이전의 일을 기억하지 못하는 증상"
고산병,"고산병 머리 전신   고산병은 해발 2,440 m 이상의 고지에에 올라갔을 때 산소가 부족해서 발생하는 증상으로 두통, 오심, 구토, 피로, 전신쇠약, 어지럼증, 현기증, 수면장애 등이 발생하게 됩니다. "
광대뼈 위치 이상,광대뼈 위치 이상 머리    뺨과 관자놀이 사이의 광대뼈가 외상에 의해 원래의 위치가 아닌 곳으로 이동한 것
기민상태,"기민상태 머리    자극이 없어도 깨어나고 시각적, 청각적, 촉각적 자극에 즉각 반응하는 상태"
기억장애,기억장애 머리    기억력에 문제가 생겨 잘 기억하지 못하는 상태
깨어나면 기억하지 못함,깨어나면 기억하지 못함 머리    기절이나 수면 이후 이전의 일을 기억하지 못하는 것
"납작한 코, 축 쳐진 귀","납작한 코, 축 쳐진 귀 머리    빈칸"
낮 시간대의 졸음,낮 시간대의 졸음 머리    낮 시간동안 병적으로 잠이 오는 상태
낮은 지능,낮은 지능 머리    빈칸
낮은 학업 성취,낮은 학업 성취 머리    학교 성적이 나빠지거나 지능 발달이 늦음 
내분비계이상,내분비계이상 머리    내분비샘 또는 상위 기관에 생긴 병적 문제로 호르몬 분비 이상이 생긴 상태
놀란표정,놀란표정 머리    눈이 튀어나와 마치 놀란 것 처럼 보이는 것
놀람반사의 약화,놀람반사의 약화 머리    신생아가 소음이나 갑작스런 자극에 대해 놀라거나 팔과 다리를 뻗고 주먹을 꽉 쥐고 포옹을 하듯이 팔을 다시 끌어당기는 행동이 약함 
뇌부종,뇌부종 머리    외상이나 종양 등의 건강문제로 인하여 뇌의 부피가 커진 상태
뇌수종,뇌수종 머리    뇌에 과도한 뇌척수액이 있는 상태
뇌압상승증상,"뇌압상승증상 머리    외상이나 종양,염증 등의 건강문제로 인하여 뇌의 부피가 커지면서 압력이 증가하여 두통, 구토, 오심, 의식장애 등의 증상이 나타나는 상태"
뇌염증상,"뇌염증상 머리    어떤 원인에 의해 두통, 발열, 오한, 구토, 의식 저하, 경련 등의 증상을 보이는 상태"
뇌출혈,뇌출혈 머리    뇌 속에 있는 혈관이 여러가지 원인에 의해 터져서 혈액이 혈관 외부로 유출된 것
달모양의 둥근 얼굴,달모양의 둥근 얼굴 머리    지방의 축적으로 열굴형이 달처럼 둥글어짐
두부 외상,두부 외상 머리    머리를 다쳤어요
두통,두통 머리    머리에서 느껴지는 통증
두피 건조,두피 건조 머리    머리카락 안쪽의 피부가 건조함
두피 열상,두피 열상 머리    머리가 찢어졌어요
만성 부비동염,만성 부비동염 머리    코 옆에 위치한 부비동에 세균이나 바이러스가 침투하여 염증이 발생한 것
머리모양 변형,머리모양 변형 머리    두개골의 모양이 변함
모발 탈색,모발 탈색 머리    모발의 빛이 바램
모발이 가늘어짐,모발이 가늘어짐 머리    머리카락의 굵기가 얇음
모발이 거침,모발이 거침 머리    머리카락이 갈라지거나 손상을 입어 거칠어진 상태
무균성 뇌막염,무균성 뇌막염 머리    세균이 아닌 다른 원인에 의해 뇌수막에 생긴 염증
무의식,무의식 머리    자신의 상태를 스스로 알지 못하는 것
박동성 통증,박동성 통증 머리    머리에 맥박이 뛰는 것 같이 느껴지는 통증
방향감각 상실,"방향감각 상실 머리    좌, 우, 상, 하 의 감각이 없어짐"
"볼, 눈주위 움푹 꺼짐","볼, 눈주위 움푹 꺼짐 머리    피하지방층이 감소하여 눈 주변과 볼살이 꺼진 것처럼 보임"
볼이 처짐,볼이 처짐 머리    볼살이 아래로 쳐진 상태
비웃는 듯한 표정,비웃는 듯한 표정 머리    자신의 의지와 상관없이 안면 근육이 수축되어 비웃는 것과 같은 표정이 지어짐
"삐뚤어진 눈, 코, 입","삐뚤어진 눈, 코, 입 머리    얼굴 가운데 중심선 기준으로 좌우 대칭이 맞지 않는 눈, 코, 입 상태"
수막자극증상,"수막자극증상 머리    뇌를 둘러싸고 있는 막 중 지주막하 공간에 염증이 생긴 경우 나타나는 두통, 열, 구토, 목 부위 경직, 실신 등의 증상"
실인증,실인증 머리    감각 기관의 손상은 없으나 대뇌 일부의 손상으로 대상에 대한 인식이 안되는 상태
실행증,실행증 머리    감각 기관이나 운동 능력에 손상은 없으나 대뇌 일부의 손상으로 지시에 따른 행동이나 운동을 하지 못하는 상태
안면 변형,안면 변형 머리    얼굴 모양이 구조적인 변화가 있음
안면마비,안면마비 머리    어떤 원인에 의해서 얼굴의 근육을 움직이는 안면신경의 기능에 문제가 생겨 얼굴의 마비가 생기는 것
안면부 출혈,안면부 출혈 머리    안면부에 외상이나 염증으로 피가 나는 상태
안면통,안면통 머리    얼굴에서 느껴지는 통증
안면홍조,안면홍조 머리    얼굴이 붉어짐
어지러움,어지러움 머리 전신   실제 정지해 있음에도 불구하고 빙글빙글 도는 듯한 느낌
언어장애,언어장애 머리    외상이나 뇌병변 등의 원인으로 인해 말하는 능력이나 듣고 이해하는 능력에 장애가 생기는 현상
얼굴 중심선이 안맞음,"얼굴 중심선이 안맞음 머리    얼굴이 중심선을 기준으로 좌,우 균형이 맞지 않음"
얼굴 한쪽의 반점,얼굴 한쪽의 반점 머리    얼굴의 한쪽에만 청색이나 흑색의 반점이 있음
얼굴모양변화,"얼굴모양변화 머리    치열 변화, 턱관절 손상 등으로 얼굴의 모양이 변함"
얼굴부종,얼굴부종 머리    얼굴이 부은 상태
얼굴에 땀이 남,얼굴에 땀이 남 머리    얼굴에서 땀이 많이 남
얼굴에 털이 자람,얼굴에 털이 자람 머리    호르몬 분비 이상으로 얼굴에 털의 양이 많아지고 굵어짐
얼굴의 나비모양 홍반,얼굴의 나비모양 홍반 머리    얼굴에 나비모양으로 생긴 적색 반점
얼굴이 밋밋함,얼굴이 밋밋함 머리    얼굴에 굴곡 없이 평평하게 보임
얼굴이 화끈거림,얼굴이 화끈거림 머리    얼굴에 실제로 열감이 있거나 열감이 있는 것처럼 느껴짐
얼굴형태의 이상,얼굴형태의 이상 머리    입술 또는 구개의 기형 등으로 얼굴의 모양이 이상함
운동 실어증,운동 실어증 머리    뇌의 전두엽 부분의 손상으로 듣고 이해할 수 있으나 표현하는 것이 힘든 상태
"원형, 타원형의 탈모","원형, 타원형의 탈모 머리    탈모가 있는 부위가 원형이나 타원형의 형태를 보임"
의식 변화,의식 변화 머리    자기 자신이나 사물에 대하여 인식하는 능력이 여러가지 원인에 의해 변화됨
의식 저하,의식 저하 머리    자기 자신이나 사물에 대하여 인식하는 능력이 감소함
이마가 넓어짐,이마가 넓어짐 머리    머리카락 시작선이 뒤로 물러나 이마의 넓이가 넓게 보임
이마의 주름,이마의 주름 머리    의도적으로 힘을 주지 않아도 관찰할 수 있는 이마에 생긴 주름
이중턱,이중턱 머리    턱 아래가 볼록해진 상태
인지장애,인지장애 머리    뇌손상이나 질환 등 다양한 원인에 의해 사물을 분별하여 인지할 수 있는 기능에 문제가 있는 상태
졸림,졸림 머리    잠이 오는 느낌이나 상태
지남력 장애,"지남력 장애 머리    시간, 장소, 사람에 대한 적절한 인식을 하지 못하는 상태"
짓누르는 느낌,짓누르는 느낌 머리    환부를 강하게 누르는 느낌
치매,"치매 머리    기억, 언어, 판단력 등의 여러 영역의 인지 기능이 감소하여 일상 생활을 제대로 수행하지 못하는 증세"
코 옆과 입꼬리 주름,코 옆과 입꼬리 주름 머리    코의 양 끝에서 입술 끝 언저리까지 여덟팔자 같이 생긴 주름
콧등이 넓어짐,콧등이 넓어짐 머리    콧구멍의 윗 부분이 옆으로 퍼져 넓게 보임
턱끝이 커보임,턱끝이 커보임 머리    턱 끝이 넓어지거나 길이가 길어져 커보임
턱의 통증,"턱의 통증 머리    턱, 관자놀이 부위에서 느껴지는 통증"
편두통,편두통 머리    한쪽 머리에서만 느껴지는 두통
하악전돌,하악전돌 머리    아랫턱이 앞으로 돌출된 상태
학습장애,"학습장애 머리    지능은 정상이지만 듣기, 말하기, 읽기, 쓰기 또는 계산 능력에 심각한 문제가 나타나는 여러 장애를 말함"
혼돈,혼돈 머리    의식상태가 명료하지 못하여 자유의지로 생각하고 결정을 내리기 힘들고 주의를 기울이거나 기억하기 어려운 정신 상태
혼수,"혼수 머리    외부환경과 자극에 의식적으로 반응하지 않고, 자발적인 신경활동이 없어지는 깊은 무의식의 상태"
갑상선 비대,갑상선 비대 목    갑상선이 병적으로 커진 상태
갑상선이 단단해짐,갑상선이 단단해짐 목    갑상선이 건강문제로 인해 단단하게 변함
경부 강직,경부 강직 목    머리를 숙여 턱을 가슴 안쪽으로 붙이지 못하는 증상
경부 림프절병증,경부 림프절병증 목    목 부위에 있는 림프절이 감염이나 기타 악성 종양 등에 의해 커지는 것
경부 운동 제한,경부 운동 제한 목    목의 움직임이 제한됨
경정맥 확장,경정맥 확장 목    목 좌우에 위치한 경정맥이 확장되어 부어보이는 증상
고음에서의 분열,고음에서의 분열 목    소리를 낼 때 높은 음에서 갈라지는 소리가 남
남성스러운 목소리,남성스러운 목소리 목    굵고 낮은 저음의 목소리
덩어리가 만져짐,덩어리가 만져짐 목 배 피부  건강문제가 생긴 부위에 원래 없어야하는 혹이 생겨 손으로 만져지는 상태
목 뒷부분의 지방축적,목 뒷부분의 지방축적 목    목 뒤쪽에 지방이 축적되어 물소혹과 같은 모양을 띰
목 주변 부종,목 주변 부종 목    목부위가 부은 상태
목소리 변화,목소리 변화 목    목소리를 내는 성대에 압박이나 자극으로 목소리에 변화가 생긴 상태
목의 이물감,목의 이물감 목    목 부위에 다른 물질이 있는 듯한 느낌
목의 통증,목의 통증 목    목 주변에서 느껴지는 통증
사경,사경 목    고개가 한쪽으로 당겨져 턱 끝이 다른 쪽으로 향하게 되는 이상 상태
삼키기 곤란,삼키기 곤란 목    씹고 삼키는 능력의 손실 또는 손상으로 먹는 능력이 저하되어 어려움이 있는 상태
성대 이상,성대 이상 목    목소리는 내는 기관이 성대에 문제가 생긴 상태
성대마비,성대마비 목    목소리를 내는 성대 근육의 마비로 쉰목소리를 내거나 소리를 내지 못하는 상태
성대부종,성대부종 목    염증이나 과다 사용으로 목소리를 내는 기관인 성대가 부어있는 것
음성피로,음성피로 목    큰소리를 장시간 내거나 힘을 주어 목소리를 내는 등의 무리했을 때 목소리를 내는데 피로를 느끼는 것
이물감,이물감 목 눈 귀  몸이나 특정 기관에 다른 물질이 들어가 있는 느낌
이중음성,이중음성 목    소리를 내는 성대에 결절이나 염증 등의 원인에 의해 원래의 목소리와 다른 음성이 나오는 것
이하선비대,이하선비대 목    귀 아래 쪽 침샘이 정상보다 커진 상태
인후염,인후염 목    빈칸
잦은 상기도 감염,잦은 상기도 감염 목    바이러스나 세균에 의해 상부 기도에 염증이 자주 발생함
지속적인 애성,지속적인 애성 목    지속적으로 쉰목소리
코가 목뒤로 넘어감,코가 목뒤로 넘어감 목    콧물이 콧구멍을 통해 배출되지 못하고 인두로 넘어감
편도선 비대,편도선 비대 목    인두를 둘러싼 림프조직인 편도선이 커진 상태
후두부종,후두부종 목    후두의 부종
후두신경 마비,"후두신경 마비 목    후두의 발성, 감각, 운동 반사를 담당하는 신경이 기능을 하지 못함"
후두염,후두염 목    후두에 생긴 염증
가래,가래 가슴    기관지나 폐에서 나오는 분비물
가슴 답답,가슴 답답 가슴    가슴 및 명치 부위의 답답한 느낌
가슴 두근거림,가슴 두근거림 가슴    여러가지 원인에 의해 심장이 빨리 뛰는 것처럼 느껴져 불쾌한 기분이 드는 증상
가슴 통증,가슴 통증 가슴    여러가지 원인에 의해 가슴 부위에 나타나는 통증
객혈,객혈 가슴    혈액이 섞인 가래가 기침과 함께 나오는 것
거품이 섞인 가래,거품이 섞인 가래 가슴    기관지나 폐에서 나오는 거품과 같은 분비물
검은색 가래,검은색 가래 가슴    탄가루같은 검은 물질이 섞인 검은색의 가래
겨드랑이 악취,겨드랑이 악취 가슴    겨드랑이에서 나는 나쁜 냄새
과호흡,과호흡 가슴    여러가지 원인에 의해 호흡수가 많아지고 이산화탄소 배출이 증가한 상태
기침,"기침 가슴    기도 분비물이나 외부 먼지, 미생물 등을 제거하기 위해 갑작스럽게 숨을 내뿜는 반사 행동"
늑막삼출,늑막삼출 가슴    폐를 둘러싸고 있는 두겹의 늑막 사이 공간에 액체가 고이는 상태
락스를 마셨어요,락스를 마셨어요 가슴 전신   락스를 마셨어요
무호흡,무호흡 가슴    호흡이 없음
반복되는 폐렴,반복되는 폐렴 가슴    폐렴에 여러 번 반복해서 걸림 
부정맥,부정맥 가슴    정상보다 느리거나 빠르거나 불규칙하게 뛰는 맥박 
불규칙호흡,불규칙호흡 가슴    들숨과 날숨이 불규칙적으로 관찰됨
빈맥,빈맥 가슴    심장이 비정상으로 빨리 뛰는 것
빈호흡,빈호흡 가슴    호흡 횟수가 비정상적으로 증가한 상태
사래걸림,"사래걸림 가슴    기도, 기관지, 폐로 이물질을 들여마셔 나타나는 기침 등의 호흡기 반응"
새가슴,새가슴 가슴    흉골이 기형적으로 과도하게 돌출된 상태
서맥,서맥 가슴    심장박동이 느린 것
서호흡,서호흡 가슴    느린 호흡
수면 무호흡,수면 무호흡 가슴    잠자는 동안에 숨쉬기를 멈추는 것
숨막히는 느낌,숨막히는 느낌 가슴    숨쉬기가 힘든 느낌
심근손상,"심근손상 가슴    외상이나 허혈, 염증 등의 원인에 의해 심장을 구성하는 근육 조직에 손상이 있는 상태"
심방 부정맥,심방 부정맥 가슴    심장은 좌우 두개의 심방과 심실로 구성이 되며 심장 근육의 전기적 자극에 의해 수축과 이완을 한다. 이때 정상 전도로가 아닌 심방 조직에서 전기적 신호가 발생하거나 전달에 이상이 있는 경우를 심방 부정맥이라고 한다.
심부전,심부전 가슴    심장이 정상적으로 기능을 하지 못하는 것
심실 부정맥,심실 부정맥 가슴    심장은 좌우 두개의 심방과 심실로 구성이 되며 심장 근육의 전기적 자극에 의해 수축과 이완을 한다. 이때 정상 전도로가 아닌 심실 조직에서 전기적 신호가 발생하거나 전달에 이상이 있는 경우를 심실 부정맥이라고 한다.
심실세동,심실세동 가슴    하나 이상의 빠르게 흥분하는 이소성 병소들에 의해 심실이 1분에 350~600회의 박동으로 무질서하게 뛰는 상태
심염,"심염 가슴    심장을 구성하는 심내막, 심근, 심외막, 판막 등의 조직에 염증이 생긴 상태"
심음 감소,심음 감소 가슴    심장 청진 시 심장 판막이 닫힐 때 나는 소리가 감소된 상태
심인성 쇼크,심인성 쇼크 가슴    심장 기능이 감소하여 말초순환에 기능 이상이 생긴 상태
심잡음,심잡음 가슴    심장의 혈류가 판막이나 혈관을 지날 때 들리는 비정상적인 소리
심정지,심정지 가슴    심장 박동이 멈춘 상태
"염산, 황산을 마셨어요","염산, 황산을 마셨어요 가슴 전신   염산, 황산을 마셨어요"
운동 시 호흡곤란,운동 시 호흡곤란 가슴    걷거나 운동 시 숨쉬기가 어렵고 힘든 상태
울혈성 심부전,울혈성 심부전 가슴    다양한 원인에 의해 심장이 신체에 필요한 혈액을 충분히 공급하지 못하는 심장 기능 저하 상태
잦은 딸꾹질,잦은 딸꾹질 가슴    횡격막 수축 시 성문이 닫히는 소리인 딸국질이 자주 발생함
저심박출량,저심박출량 가슴    심장 이완 시 심방으로 유입되는 혈액량이 줄어들거나 전체 혈액순환량이 감소하는 등의 원인에 의해 심장 수축 시 박출되는 혈액량이 적은 상태
질식,질식 가슴    기도를 통한 공기의 흐름이 차단되어 폐의 호흡작용에 장애가 온 상태
천명음,천명음 가슴    기도가 좁아져서 숨을 내쉴 때 쌕쌕 또는 그렁그렁하는 호흡음
천식,"천식 가슴    기관지가 좁아져서 숨이 차고, 기침이 나며, 가슴에서 색색거리는 소리가 들리며, 가슴이 답답해지는 증상"
청진시 휘파람 소리,청진시 휘파람 소리 가슴    청진기로 폐 청진시 휘파람 부는 소리가 남
폐기능저하,폐기능저하 가슴    빈칸
폐동맥 고혈압,폐동맥 고혈압 가슴    빈칸
폐부종,폐부종 가슴    폐조직에 지나친 양의 체액이 쌓여 호흡이 곤란해지는 상태
폐색전,폐색전 가슴    정맥에서 형성된 피떡(혈전)이 혈관을 따라 이동하다 폐동맥을 막아 폐순환이 좁아지거나 막힌 상태
폐출혈,폐출혈 가슴    외상이나 폐조직 손상에 의해 폐에 출혈이 있는 상태
함몰가슴,함몰가슴 가슴    갈비뼈의 이상 발달로 흉벽이 움푹 패여 과도하게 함몰된 기형
헛기침,헛기침 가슴    가래를 배출하지 않는 기침. 호흡을 효율적으로 하기 위해 기도의 이물질을 밖으로 배출하려는 방어적 반사작용.
호기의 증가,호기의 증가 가슴    숨을 내쉬는 시간의 증가
호흡곤란,호흡곤란 가슴    숨쉬기 힘듦
호흡기감염,"호흡기감염 가슴    기도, 기관지, 폐 등 호흡기계에 생긴 감염증"
화농성 객담,화농성 객담 가슴    고름 형태의 가래
흉곽 팽윤,흉곽 팽윤 가슴    빈칸
흉부압박감,흉부압박감 가슴    빈칸
흉쇄 유돌근의 몽우리,흉쇄 유돌근의 몽우리 가슴    빈칸
흉수,흉수 가슴    흉막강 사이에 생긴 비정상적으로 고인 액체 
가슴 쓰림,가슴 쓰림 배    위산이 위점막을 자극하여 생기는 명치 부위에 아픈거나 쓰린 느낌
간기능 저하,간기능 저하 배    간의 정상적인 기능이 저하됨
간부전,간부전 배    간에 생긴 건강문제로 인해 단백질 합성 및 대사 등의 정상적인 간 기능을 할 수 없는 상태
간비대,간비대 배    간이 병적으로 커진 상태
공복감,공복감 배    뱃속이 비거나 배가 고픈 느낌
구토,구토 배    위장 속의 내용물이 식도를 거쳐 입 밖으로 나오는 것
급성 신부전,급성 신부전 배    신장 기능이 갑자기 떨어진 상태
농신증,농신증 배    신우 속에 고름이 차 있는 상태
담도감염,담도감염 배    간에서 만들어진 쓸개즙이 이동하는 길인 담도의 감염
담석,"담석 배    담도나 담낭에 콜레스테롤, 담즙 색소, 칼슘염 등의 결정이 덩어리져 생긴 돌처럼 단단한 물질"
만성 신부전,만성 신부전 배    노폐물을 제거하는 신장기능이 감소되어 정상으로 회복될 수 없는 상태
명치 부위 통증,명치 부위 통증 배    명치(윗배)가 아파요
무통증,무통증 배 피부   통증이 없음
문맥성고혈압,문맥성고혈압 배    간으로 이동하는 혈류인 간문맥의 압력이 높아진 상태
배꼽의 고름 및 피,배꼽의 고름 및 피 배    배꼽에 농과 같은 분비물이나 피가 남
배꼽이 솟음,배꼽이 솟음 배    배꼽이 복벽의 높이보다 튀어나옴
복벽이 움푹 들어감,복벽이 움푹 들어감 배    복벽이 움푹 꺼진 상태
복부 불편감,복부 불편감 배    복부의 거북하거나 괴로운 느낌
복부 압박 증상,복부 압박 증상 배    복부가 세게 눌리거나 조이는 듯한 느낌
복부 통증,복부 통증 배    배가 아픈 것
복부경련,복부경련 배    복부 근육이 수축하거나 떨리는 증상 
복부비만,복부비만 배    복부 또는 내장에 과도한 지방이 축적된 상태
복부의 박동감,복부의 박동감 배    복부에서 맥이 뛰는 느낌이 느껴짐
복부팽만감,복부팽만감 배    복부에 가스나 복수가 차서 더부룩하게 부풀어 오르거나 불편함을 느끼는 것
복수,복수 배    혈액 중의 액체성분의 일부가 혈관 벽으로부터 빠져나와 복강 내에 수분이 고여 있는 것
분출성 구토,분출성 구토 배    솟구쳐 뿜어나오는 양상의 구토
비장비대,비장비대 배    비장이 병적으로 커진 상태
산통,산통 배    매우 심한 복부 통증이 갑작스럽게 나타남. 
소화불량,"소화불량 배    음식을 섭취한 후 일어나는 속쓰림, 트림, 구역질, 상복부 불쾌감, 위장의 팽만감, 복통 등의 소화장애 증세"
손가락으로 밀면 들어감,손가락으로 밀면 들어감 배     부위가 손가락으로 밀면 일시적으로 들어감
식후 불쾌감,식후 불쾌감 배    식사 후 복부에 팽만감이나 통증과 같은 불편함이 있음
십이지장궤양,"십이지장궤양 배    십이지장 점막이 헬리코박터균의 감염, 흡연 등 여러가지 원인에 의해 표면 점막층보다 깊이 패여 손상된 상태"
아랫배가 뭉침,아랫배가 뭉침 배    아랫배가 딱딱해짐
악취,악취 배 피부 생식기  환부나 분비물에서 고약한 냄새가 남
안정 시 탈장 사라짐,안정 시 탈장 사라짐 배    누운 상태에서는 불룩 튀어나온 탈장이 보이지 않음
압통,압통 배 팔 다리  눌렀을 때 느껴지는 통증
야뇨증,야뇨증 배    방광의 조절이 가능해야 하는 나이 이후에도 수면 중 무의식중에 소변을 봄
양수의 감소,양수의 감소 배    뱃속 태아의 건강문제나 양막 파열 등 다양한 원인에 의해 양수의 양이 줄어든 상태
옆구리 통증,옆구리 통증 배    가슴과 등 사이의 갈비뼈 부분에서 느껴지는 통증
오심,오심 배    속이 메스꺼워 구토를 할 것 같은 느낌
우하복부 통증,우하복부 통증 배    빈칸
위궤양,위궤양 배    위점막이 헐어 점막뿐만 아니라 근육층까지 침범한 것
위산의 역류,위산의 역류 배    위 식도 연결부위의 괄약근 이상으로 위산이 식도를 통해 거꾸로 올라오는 현상 
위염,위염 배    위 점막에 염증 세포의 침윤이 있는 상태
위의 연동운동이 보임,위의 연동운동이 보임 배    위가 꿈틀거리며 움직이는 것이 육안으로 보임
위장관 출혈,"위장관 출혈 배    식도, 위, 소장 등의 소화기관 안의 출혈이 있어 피를 토하거나 항문을 통해 배설하는 상태"
위장관의 허혈,"위장관의 허혈 배    위, 소장, 대장 등의 위장관에 혈액 공급에 문제가 있어 빈혈 상태에 빠진 것"
"임신 2, 3기의 오심","임신 2, 3기의 오심 배    임신 4~7개월 시의 심한 구역감"
임신 오조증,임신 오조증 배    임신 기간동안 오심이 심함
잔변감,잔변감 배    대변을 보고 난 후에도 대변이 남아있는 느낌
장마비,장마비 배    장의 연동 기능이 없어 움직이지 않는 상태
장폐색,"장폐색 배    소장이나 대장의 일부가 여러 요인에 의해 부분적으로 또는 완전히 막혀서 장의 내용물(음식물, 소화액, 가스)이 앞으로 빠져나가지 못하여, 배변과 가스가 장내에 축적되어 장애를 일으키는 현상"
초록색 구토,초록색 구토 배    구토물의 색이 초록색임
탈장,탈장 배    체내에 존재하는 비정상적인 구멍을 통해 장기의 일부분이 정상적인 위치에서 빠져나가는 것
탈장 돌출,탈장 돌출 배    탈장 부위가 앞으로 솟음
탈장 부위의 통증,탈장 부위의 통증 배    탈장이 있는 부위에서 느껴지는 통증
토혈,토혈 배    빈칸
트림,트림 배    식사나 호흡을 통해 식도로 들어간 공기가 입으로 배출되는 현상
포만감,포만감 배    넘치도록 가득 차 있는 느낌
헛배,헛배 배    배 속에 가스가 차서 배가 불어남
흡수장애,흡수장애 배    장이 음식물에서 영양소를 흡수하지 못함
관절통,"관절통 등 팔 다리  관절이 외상이나 감염, 염증 등에 의해 아픈 증상"
굽은 등,굽은 등 등    상체가 앞쪽으로 숙여져 등이 동그랗게 됨
뼈의 기형,뼈의 기형 등 다리   뼈의 구조나 생김새가 정상과 다른 모양을 보임
요통,요통 등    허리부위에서 다리까지 광범위하게 나타나는 통증
자세이상,자세이상 등 전신   구부정하거나 아장아장 걷는 등의 이상한 자세
척추 측만,척추 측만 등    척추가 옆으로 휨
척추 후만,척추 후만 등    척추가 뒤로 휨
척추와 허리 디스크,척추와 허리 디스크 등    척추 사이 존재하는 섬유륜이 밀려나와 척추 내 신경이 지나가는 통로가 눌려 좁아지는 현상
괄약근 기능 이상,괄약근 기능 이상 엉덩이    항문의 대변 배출을 조절하는 근육(괄약근)의 기능 이상
달걀 위에 앉아있는 느낌,달걀 위에 앉아있는 느낌 엉덩이    회음부에 생긴 건강문제로 인한 이물감 때문에 마치 달걀위에 앉은 듯한 불편한 느낌
대변에 벌레 관찰됨,대변에 벌레 관찰됨 엉덩이    기생충 감염 시 대변에서 작은 벌레가 보임
배변습관의 변화,"배변습관의 변화 엉덩이    변의 굵기, 색,  배변 횟수 등의 대변 양상이 평소와 달라짐 "
배변장애,"배변장애 엉덩이    설사,복통,변비 등 배변 활동의 이상 상태"
변비,"변비 엉덩이    대장 연동 운동의 저하로 원활한 배변 운동을 하지 못하는 질환으로 배변이 1주일에 2회 미만이거나, 배변 시 굳은 변을 보며 통증이나 출혈이 동반되는 경우"
변실금,"변실금 엉덩이    자기도 모르는 사이에 대변이 나오거나, 변이 마렵다는 느낌은 드나 참지 못하며 옷에 실수를 하고, 기침을 하거나 방귀를 뀌어도 변이 나오는 것"
설사,설사 엉덩이    대장의 수분 흡수에 문제가 있어 대변이 묽고 자주 배변을 하는 것
악취가 나는 설사,악취가 나는 설사 엉덩이    배변 시 설사에서 고약한 냄새가 남
엉덩이 비대칭 주름,엉덩이 비대칭 주름 엉덩이    똑바로 서 있을 때 양쪽 엉덩이의 피부주름이 비대칭적임
엉덩이 통증,"엉덩이 통증 엉덩이    고관절, 대퇴 상부에서 느껴지는 통증"
점액변,점액변 엉덩이    끈끈한 점액질이 섞인 변
지방변,지방변 엉덩이    장의 흡수에 문제가 있어 지방이 몸 안으로 흡수되지 못하고 변에 섞여 나옴
치핵의 탈출,치핵의 탈출 엉덩이    직장의 정맥이 오랜 압력으로 늘어져서 항문 주위에 혹과 같이 되어 생긴 치질이 항문 밖으로 나온 것
항문 통증,항문 통증 엉덩이    빈칸
항문주위 염증,항문주위 염증 엉덩이    항문 주변에 세균이 침입해 붉게 변하고 열감이 있거나 가려운 등의 염증 증상이 나타남 
항문출혈,항문출혈 엉덩이    항문 주변에서 나는 출혈로 선명한 붉은 색을 띠는 출혈
"허리, 둔부 중심형 비만","허리, 둔부 중심형 비만 엉덩이    허리와 둔부 중심으로 살이 찜"
혈변,혈변 엉덩이    피가 섞인 대변이 배출됨
회색변,"회색변 엉덩이    대변의 갈색을 내게하는 담즙이 종양이나 염증, 담석 등의 원인에 의해 정상적으로 배출되지 않아 변의 색이 회색을 띰 "
흑색변,흑색변 엉덩이    검은색의 변
가늘어지는 팔다리,가늘어지는 팔다리 팔 다리   팔다리의 근육이나 지방이 감소하여 굵기가 가늘어짐
관절 운동성 감소,관절 운동성 감소 팔 전신 다리  관절을 회전하거나 운동시 통증을 느끼거나 제한이 있는 것
관절의 경직,관절의 경직 팔 다리   관절이 굳어서 운동을 할 수 없거나 움직이기 힘든 상태
다발성 관절염,다발성 관절염 팔 다리   두 군데 이상의 관절에 염증이 생긴 상태
동정맥루 잡음 약화,동정맥루 잡음 약화 팔    정상적인 동정맥루에서 나는 잡음보다 소리가 작아짐
말초부종,"말초부종 팔 다리   손, 발 등의 말초 부위가 부은 상태"
말초의 허혈,말초의 허혈 팔 다리   신체 끝부분에 혈관이 막히거나 좁아져 혈액순환이 안되는 상태
무감각,무감각 팔 다리   아무 감각이 없거나 감소함
무맥,무맥 팔 다리   맥박이 없음
반신마비,반신마비 팔 다리   외상이나 질환에 의해 몸의 한쪽에 운동마비가 일어난 상태
방사통,방사통 팔 다리   다른 부위로 퍼지는 듯한 통증
뼈의 변형,뼈의 변형 팔 전신 다리  골절이나 염증으로 인해 뼈의 구조가 바뀜
사지 마비,사지 마비 팔 다리   외상이나 질환에 의해 척수신경이 손상을 받아 양쪽 팔과 다리의 움직임이 약하거나 움직이지 못하는 상태
사지 변형,"사지 변형 팔 다리   팔, 다리의 구조적인 변화"
사지 부종,"사지 부종 팔 다리   팔,다리가 부은 상태"
사지의 창백한 현상,사지의 창백한 현상 팔 다리   사지에 혈액순환이 안되어 핏기가 없는 상태
상지 마비,상지 마비 팔    팔이나 손에 감각이 무뎌지거나 운동 능력이 감소함
손상 부위 출혈,손상 부위 출혈 팔 다리   외상이나 골절 등의 원인으로 인해 손상이 있는 부위에서 발생한 출혈
손상부위 촉각 소실,손상부위 촉각 소실 팔 다리   손생된 부위에 신경이 손상되어 만지는 느낌이 없음
어깨 움직임의 제한,어깨 움직임의 제한 팔    어깨 관절의 움직임에 제한이 있음
어깨 잡음,어깨 잡음 팔    어깨 관절에서 나는 비정상적인 소리
어깨근육 약화,어깨근육 약화 팔    어깨 근육 질환에 의해 어깨 근육의 힘이 약해짐
어깨의 통증,어깨의 통증 팔    어깨 부위에서 느껴지는 통증
옷 액와 부분 변색,옷 액와 부분 변색 팔    빈칸
저림,저림 팔 다리   어떠한 원인으로 인해 혈액순환이 정체되거나 신경에 장애가 발생하여 찌르는 듯하고 둔한 느낌
파열부위 오목해짐,"파열부위 오목해짐 팔 다리   혈관, 조직 등이 찢어지면서 그 부위가 움푹 파임"
팔의 길이가 달라짐,팔의 길이가 달라짐 팔    팔을 앞으로 뻗었을 때 손가락 끝의 길이가 다름
팔의 통증,"팔의 통증 팔    팔, 팔목, 팔꿈치  부위에서 느껴지는 통증"
편마비,"편마비 팔 다리   한쪽 팔, 다리의 마비"
편측 사지의 감각소실,"편측 사지의 감각소실 팔 다리   한쪽 팔, 다리의 감각이 사라짐"
각막 위로 결막 침범,각막 위로 결막 침범 눈    눈의 각막(검은부분) 위로 결막(흰부분)이 침범한 상태
각막 이상,"각막 이상 눈    각막에 건강 문제가 생겨 혼탁해지거나 흉터, 염증 등의 증상이 나타나는 것 "
결막염,결막염 눈    눈(안구)을 감싸고 있는 안구와 안검을 결합하는 점막조직인 결막에 생긴 염증
광과민성,"광과민성 눈    햇빛 알레르기라고도 하며, 햇빛에 대한 면역 반응이 일어나 태양에 노출된 부분이 가렵거나 붉게 일어남"
광시증,광시증 눈    눈을 감거나 어두운 곳에서 번쩍거리고 시야가 흐린 증상
근시,근시 눈    먼 곳을 바라볼 때 물체의 상이 잘 안 보이고 가까운 곳이 잘 보이는 눈의 상태
글자가 휘어져보임,글자가 휘어져보임 눈    눈의 구조물에 생긴 이상으로 글씨가 휜것 처럼 보이는 상태
넓은 미간,넓은 미간 눈    좌우 눈 사이의 간격이 넓음
눈 감을 때 번쩍거림,눈 감을 때 번쩍거림 눈    눈 감을 때 전기불이 깜박이는 것처럼 번쩍거림
눈 사이가 멀어보임,"눈 사이가 멀어보임 눈    좌, 우 눈 사이 간격이 넓어 보임"
눈 주변 부종,눈 주변 부종 눈    눈 주변 부위가 부어있는 상태
눈 주위 노란 반점,눈 주위 노란 반점 눈    눈 주위 노랗게 생긴 얼룩얼룩한 점
눈가 및 이마 주름,눈가 및 이마 주름 눈    피부 아래 콜라겐의 감소로 피부에 줄이 생김
눈꺼풀 처짐증,눈꺼풀 처짐증 눈    눈꺼풀을 들어올리는 근육에 이상이 있어 눈꺼풀이 잘 올려지지 않는 상태
눈꺼풀의 떨림,눈꺼풀의 떨림 눈    눈주위의 근육이 발작적으로 경련을 일으켜 떨리는 증상
눈꼽,눈꼽 눈    눈에서 나오는 진득한 액이 말라붙은 것
눈물흘림,눈물흘림 눈    눈물이 비정상적으로 많이 나는 상태
눈부심,눈부심 눈    밝은 빛을 잘 보지 못하는 증상
눈비빔,눈비빔 눈    눈의 이물감이나 자극으로 반복적으로 눈을 비비는 상태
눈운동신경마비,눈운동신경마비 눈    눈의 운동을  주관하는 신경이 기능을 하지 못하는 상태
눈의 자극감,눈의 자극감 눈    눈에 이물이 들어간 것 같은 느낌
눈의 충혈,눈의 충혈 눈    눈의 구조물 중 하얗게 보이는 공막에 가느다란 핏줄이 불거져 빨갛게 보이는 상태
눈의 통증,눈의 통증 눈    눈 또는 눈 주변에 생긴 통증
눈의 피로,눈의 피로 눈    눈이 시리거나 아프고 사물이 흐릿하게 보이고 때때로 붉게 충혈이 되고 뻑뻑한 느낌
눈이 무거운 느낌,눈이 무거운 느낌 눈    눈이 피곤하고 묵직해진 느낌
느린 동공반응,느린 동공반응 눈    동공은 빛에 반응하여 반사적으로 빠르게 작아지거나 커지는데 어떠한 원인에 반사 작용이 느려지는 상태 
대비감 감소,대비감 감소 눈    서로 다른 것을 나란히 놓았을 때 그 차이를 구별하는 능력이 감소함
동공산대,동공산대 눈    동공의 지름이 4mm 이상으로 커지는 상태
동공이 흰빛으로 반짝임,동공이 흰빛으로 반짝임 눈    눈에 빛을 비출 시 동공이 하얗게 반짝이듯 보임
망막 이상,망막 이상 눈    눈의 구조물 중 필름 역할을 하는 망막에 이상이 있는 상태
복시,복시 눈    사물이 두개로 보임
부유물이 보임,부유물이 보임 눈    공기 중에 점이나 먼지같은 것이 떠다니는 것처럼 보임
비문증,비문증 눈    먼지나 벌레 같은 것이 떠다니는 것 같은 증상
사물이 두개로 보임,사물이 두개로 보임 눈    하나의 사물이 두개로 보임
사물이 찌그러져 보임,사물이 찌그러져 보임 눈    망막에 생긴 이상으로 사물이 형태가 찌그러진 것처럼 보이는 것
사시,사시 눈    두 눈이 똑바로 정렬되어 있지 않은 상태
색깔이 퇴색해보임,색깔이 퇴색해보임 눈    눈에 생긴 이상으로 사물의 색이 원래보다 흐리게 보이는 것
색맹,색맹 눈    색조의 식별 능력이 없는 상태
수정체 이상,수정체 이상 눈    수정체는 빛을 굴절시키는 역할을 하는 눈 내부의 기관으로 조절 능력이 감소하거나 정상 위치를 벗어나는 등의 이상이 생긴 것
시력 감소,시력 감소 눈    빈칸
시신경염,시신경염 눈    시신경 신경섬유에 염증이 발생하여 물체가 흐리게 보이는 것
시야장애,시야장애 눈    한 지점을 볼 때 눈을 움직이지 않고 볼 수 있는 시력 범위
실명,실명 눈    시력을 잃어 앞을 못 보게 됨
아래 눈꺼풀이 불룩함,아래 눈꺼풀이 불룩함 눈    눈 아래쪽 눈꺼풀의 탄력성이 감소하여 늘어져 불룩하게 보임
안검내반,"안검내반 눈    눈꺼풀의 가장자리가 안쪽, 즉 눈으로 말려들어가 속눈썹이 각막과 접촉함으로써 지속적으로 자극을 주는 현상"
안검하수,안검하수 눈    윗눈꺼풀을 올렸다 내렸다 하는 윗눈꺼풀 올림근의 힘이 약해서 윗눈꺼풀이 아래로 처지는 상태
안구 이상,안구 이상 눈    안구 마비로 안구 운동 및 시각에 장애가 있음
안구건조,"안구건조 눈    눈 구조물의 염증, 외상, 노화 등의 원인에 의해 눈물의 분비가 줄어들거나 눈물의 성분에 변화가 생겨 눈이 건조하게 느껴지는 증세"
안구내 출혈,안구내 출혈 눈    눈 안쪽의 혈관이 터져 혈액이 유출된 상태
안구돌출,안구돌출 눈    눈이 앞쪽으로 튀어나옴
안구증대,안구증대 눈    눈알의 크기가 커진 상태
안구진탕,안구진탕 눈    자신의 의지와 상관없이 눈이 빠르게 움직이는 상태
안구혼탁,안구혼탁 눈    빈칸
암점,암점 눈    시신경 유두부는 생리적으로 빛 감지가 안되는 맹점이나 그외의 부위에 이상이 있어 시야 안에 보이지 않는 부위가 있는 상태
앞이 뿌옇게 보임,앞이 뿌옇게 보임 눈    안개가 낀 것 처럼 보임
야맹,야맹 눈    밝은 곳에서 어두운 곳으로 들어갈 때 적응을 하지 못하거나 희미한 불빛 아래 또는 어두운 곳에서 사물을 분간하기 어려운 증상
약시,약시 눈    시력이 약한 상태
양안 상 시각 차이,"양안 상 시각 차이 눈    좌, 우 눈의 시각에 차이가 있음"
왜곡,왜곡 눈    눈에 생긴 이상으로 실제와 다르게 인식되거나 그릇되게 받아들임
유두부종,유두부종 눈    초점을 맞춘 부위가 아닌 주변 시야를 보는 시력의 손상
주변시야손상,주변시야손상 눈    초점을 맞춘 부위가 아닌 주변 시야를 보는 시력의 손상
중심시력감소,중심시력감소 눈    물체에 초점을 맞춰 상세한 부분을 보는 중심시력이 감소함
증상의 일중변동,증상의 일중변동 눈    빈칸
침침함,침침함 눈    사물이 똑똑히 보이지 않고 흐릿함
터널시야,터널시야 눈    터널 입구에서 사물을 바라보는 것처럼 시야가 제한되어 있음
홍채가 흔들거림,홍채가 흔들거림 눈    홍채는 각막과 수정체 사이에서 동공의 크기를 조절하는 눈 조직의 하나로 수정체가 이동하면서 움직여 흔들리는 것처럼 보임
황달,황달 눈 피부   혈액 중에 빌리루빈 양이 증가하여 피부 및 점막 내 담즙의 축적으로 피부가 황색을 띄게 되는 병적 상태
황반부종,황반부종 눈    망막의 한 부분인 황반이 두꺼워지고 붓는 현상
고막 충혈,고막 충혈 귀    귀 안쪽 고막에 혈액이 몰려 붉게 보이는 상태
고막에 수포형성,고막에 수포형성 귀    고막에 생긴 물집
귀 모양의 변형,귀 모양의 변형 귀    정상적인 귀에 비해 위치가 다르거나 모양이 다름
귀 상부가 두피에 매몰됨,귀 상부가 두피에 매몰됨 귀    귀 위쪽의 구조가 없음
귀에서 냄새가 남,귀에서 냄새가 남 귀    귀에서 악취가 남
귀의 통증,귀의 통증 귀    귀와 귀 주변에서 느껴지는 통증
동상,동상 귀 코 손 발 동상이 생겼어요
이명,이명 귀    외부로부터의 소리 자극이 없는데도 불구하고 귓속 또는 머릿속에서 소리를 느끼는 현상
이폐색감,이폐색감 귀    귀의 통로가 막힌 듯한 느낌
중이염소견,"중이염소견 귀    귀의 고막 안의 공간을 중이(중간귀)라고 하는데, 이곳에 만성적인 염증이 생겨 진물과 고름이 나오고 좋지 않은 냄새가 나는 등의 증세"
청각과민,청각과민 귀    청각이 지나치게 예민함
청력장애,청력장애 귀    듣는 것에 문제가 있음
펴진 귓바퀴,펴진 귓바퀴 귀    귓바퀴 끝이 편평하게 펴짐
비출혈,"비출혈 코    외상이나 자극, 출혈 경향성의 증가에 의해 코에서 피가 나는 상태"
재채기,재채기 코 입   강한 냄새나 먼지 등과 같은 자극원에 의해 코 점막이 이러한 자극물질을 배출하려고 하는 반사 운동
코가 삐뚤어짐,코가 삐뚤어짐 코    코의 모양이 바르지 못하고 한쪽으로 기울어지거나 쏠린 모양
코골이,코골이 코    수면 중 호흡시 공기가 코에서 인두를 지나며 연조직들을 진동시켜 나는 소리
코막힘,코막힘 코    콧구멍에서 인두까지 기도의 일부가 병적인 원인이나 이물에 의해 막히는 현상
코의 기형 동반,코의 기형 동반 코    다른 부위에 기형과 함께 코의 기형이 함께 나타남
코의 모공이 커짐,코의 모공이 커짐 코    코에 모공의 크기가 커져 까맣게 점처럼 보임
코점막건조,코점막건조 코    코 안을 덮고 있는 부드럽고 끈끈한 막이 물기가 말라 습기가 없는 상태
콧물,콧물 코    콧구멍에서 흘러나오는 액체
화농성 비루,화농성 비루 코 코   고름 형태의 콧물
후각 감소,후각 감소 코    냄새를 감지하는 감각이 감소함
후각장애,후각장애 코    후각에 생긴 이상
후비루,후비루 코    코 점막 분비물이 인후를 통해 넘어가는 증상
갈증,갈증 입    목이나 입마름 증상
개 폐구 장애,개 폐구 장애 입    입을 열고 닫는데 문제가 있음
관절잡음,"관절잡음 입 다리   관절의 움직임 시 ""딱"" 하는 소리가 남"
구각염,구각염 입    입꼬리 부분에 생긴 염증
구강건조,구강건조 입    침의 분비가 감소하여 입안의 점막이나 혀가 말라있는 상태
구강궤양,구강궤양 입    입 안이 헐어 패이거나 흰 반점이 생긴 상태
구강호흡,구강호흡 입    코가 막히거나 기타 다른 이유로 코로 숨쉬지 않고 입으로 숨을 쉬는 것
구내염,구내염 입    혀를 포함하여 구강 내벽에 생기는 염증
구취,구취 입    타인에게 불쾌감을 주는 나쁜 입냄새
누공,누공 입    여러가지 원인에 의해 뼛속에 구멍이 생겨 뼈의 양이 줄어들고 얇아져 매우 약해진 상태 
딸기혀,딸기혀 입    혀에 덮인 설태가 벗겨져 붉은 색을 띠고 유두가 부어 올라 딸기모양이 된 혀
미각상실,미각상실 입    맛을 느끼는 감각이 없어짐
미각이상,미각이상 입    맛을 느끼는 감각에 생긴 이상
발음 이상,"발음 이상 입    발음에 관여하는 입술, 혀, 치아 등에 이상이 있어 정확하지 않은 소리를 내는 것"
부정교합,부정교합 입    치아의 배열이 가지런하지 않거나 입을 다물었을 때 위 아래 턱의 치아가 서로 맞물리지 않는 상태
설염,설염 입    혀에 생긴 염증
수유 곤란,수유 곤란 입    엄마의 유방 문제나 아기의 구강 문제로 수유하기 어려운 상태를 말함
신생아-백색의 결절,신생아-백색의 결절 입    피부 밑에 비정상적인 조직이 강낭콩 크기 정도로 솟아난 것
안면부 열상,안면부 열상 입    안면부가 찢어진 상태
음식섭취 거부,음식섭취 거부 입    음식 먹는 것을 싫어하거나 잘 먹지 않으려고 하는 것
이가 시림,"이가 시림 입    양치 시, 찬물을 먹거나 음식물 섭취 중 이가 시린 느낌이 남"
입 주변 부종,"입 주변 부종 입    잇몸, 입술 등 입 주변이 부은 상태 "
입술 갈라짐,입술 갈라짐 입    입술 피부가 건조해지거나 염증 등에 의해 갈라져 있는 상태
"입술, 입천장의 기형","입술, 입천장의 기형 입    선천적으로 입술이나 입천장이 갈라진 상태"
잇몸 위축,잇몸 위축 입    잇몸의 크기나 기능이 줄어듬
잇몸염증,잇몸염증 입    잇몸에 염증이 있는 상태
작열감,작열감 입 피부 생식기  피부나 점막의 화끈거리거나 타는 듯한 느낌
저작장애,저작장애 입    음식물을 씹는데 문제가 있음
치근단 부위 부종,치근단 부위 부종 입    치아 뿌리끝 부분의 부종
치아 벌어짐,치아 벌어짐 입    이와 이 사이 간격이 넓어짐
치아 통증,치아 통증 입    치아 또는 잇몸이 아픈 느낌
치아 흔들림,치아 흔들림 입    이가 흔들림
치아가 솟은 느낌,치아가 솟은 느낌 입    잇몸이 아래쪽으로 내려가 치아가 위로 올라온 것 처럼 느껴지는 것
치아발달장애,치아발달장애 입    치아 형성 시기에 법랑질 모세포의 손상으로 정상적인 치아발육이 되지 않는 상태
치아의 탈락,치아의 탈락 입    치아가 빠짐
치주낭형성,"치주낭형성 입    잇몸과 치아, 그 주위 조직에 혹주머니가 생김"
침 분비 증가,침 분비 증가 입    병적 원인에 의해 침이 식도로 넘어가지 못하고 입으로 배출됨
코플릭 반점,코플릭 반점 입    볼 안쪽이나 잇몸에 생긴 붉은 테를 두른 흰 반점상의 궤양
타진과 촉진에 예민,타진과 촉진에 예민 입    만지거나 두드렸을 때 아프거나 불편한 느낌이 잘 느껴짐
하얀 반점,하얀 반점 입 피부   점막이나 피부에 나타나는 흰색의 반점
한쪽 입 꼬리의 상승,한쪽 입 꼬리의 상승 입    입의 한쪽 끝이 자신의 의지와 상관없이 올라간 상태
혀끝이 w모양,혀끝이 w모양 입    혀끝의 모양이 W 모양을 띰
혀의 통증,혀의 통증 입    혀에서 느껴지는 통증
PSA상승,PSA상승 전신    전립선에서만 생성되는 단백질인 PSA(전립선특이항원)가 여러가지 원인에 의해 상승된 상태
감각 과민,감각 과민 전신    자극에 대한 감각이 증가함
감각 이상,감각 이상 전신    신경전달로의 이상으로 감각이 저하되거나 이상감각이 느껴지는 증상
감기 증상,"감기 증상 전신    콧물, 코막힘, 고열, 연하곤란, 호흡곤란, 인후통, 편도염 등의 상기도 감염 증상"
감전이 됐어요,감전이 됐어요 전신 손   감전이 됐어요
갱년기 증상,"갱년기 증상 전신    갱년기 여성에게 호르몬 변화로 인해 발생하는 신체, 정신적 이상 증상 "
거인증,"거인증 전신    뇌하수체에서 어떤 원인에 의해 성장호르몬이 과도하게 생성되어 발생되는 뼈, 연골, 섬유조직 등의 과도한 성장 "
격동적 움직임,격동적 움직임 전신    자신의 의지와 상관없이 전신 또는 신체 일부가 격하게 움직이는 증상
경련,경련 전신    자신의 의지와 상관없이 전신 또는 신체 일부가 마비되거나 떨리는 증상
경직,경직 전신    몸이 뻣뻣하게 굳음
고탄산증,고탄산증 전신    혈액에 탄산 수치가 상승되어 있음
고혈당,"고혈당 전신    고혈당이란 혈당치가 비정상적으로 높은 상태를 말합니다. 생리적 고혈당은 식사 후 일시적으로 일어나는 자연적인 현상이나, 생리적 현상으로 허용되는 범위 외의 혈당치의 증가는 당뇨병이 있거나 당뇨병으로의 진행 가능성 혹은 당뇨병의 미 발견 상태에 해당될 수 있습니다. 흔히 건강검진 등을 통해 발견되는 고혈당 중, 공복 혈당이 126mg/dL을 넘는 경우에는 일반적으로 당뇨병에 준한 검사 및 치료 등을 받아야합니다."
고혈압,고혈압 전신    여러가지 원인에 의해 혈압이 높아진 상태
골다공증,골다공증 전신    여러가지 원인에 의해 뼛속에 구멍이 생겨 뼈의 양이 줄어들고 얇아져 매우 약해진 상태 
골수 내 적혈구의 감소,골수 내 적혈구의 감소 전신    골수 검사 시 골수 안의 적혈구 숫자가 정상보다 적음
골절,골절 전신    뼈가 부러지거나 금이 간 상태
골절부 근육의 경직,골절부 근육의 경직 전신    빈칸
관련 장기의 일시적 기능장애,관련 장기의 일시적 기능장애 전신    색전이 침범한 환부 인근 장기에 혈액공급이 중단 또는 부족하여 허혈상태에 빠져 제기능을 하지 못하는 상태
관절 구축,관절 구축 전신    오랫동안 움직이지 않아 정상적인 관절가동범위에 제한이 있는 것
구루병,구루병 전신    칼슘과 인의 대사장애로 인해 뼈의 발육에 장애가 발생하는 것
권태감,권태감 전신    몸이 나른한 느낌
근골격계 이상,근골격계 이상 전신    근육과 뼈에 생긴 이상 증상
근긴장의 이상,근긴장의 이상 전신    정상 근육 긴장도에 비해 감소하거나 증가한 이상 상태 
근력 약화,근력 약화 전신    근육의 힘이 감소하거나 약해진 상태
근위축,근위축 전신    오랫동안 사용하지 않거나 병적인 변성으로 근육 섬유의 수가 감소하여 근육의 크기가 줄어든 상태
근육강직,근육강직 전신    근육이 딱딱하게 굳어지는 느낌이나 상태
근육경련,근육경련 전신    순간적으로 여러 근육이 수축하거나 떨리는 상태
근육긴장,근육긴장 전신    근육이 수축하여 단단히 뭉쳐있는 상태
근육마비,근육마비 전신    근육에 감각이 없는 것 
근육의 뒤틀림,근육의 뒤틀림 전신    근육이 틀어져 아프거나 경련이 나타나는 상태
근육통,근육통 전신    근육에 생기거나 느껴지는 통증
금단증상,"금단증상 전신    지속적으로 사용하던 물질(알코올, 니코틴 등)을 갑자기 중단하거나 양을 줄일 경우 발생하는 생리적, 심리적 이상 증상 "
기립성 저혈압,기립성 저혈압 전신    앉거나 누웠다가 일어설 때 혈압 조절이 잘 이루어지지 않아 혈압이 내려가는 상태
기운없음,기운없음 전신    쇠약하여 일을 감당할 수 있는 에너지와 힘이 없음
낙상,낙상 전신    미끄러지거나 위에서 아래로 떨어지는 등의 급격한 체위 이동으로 인해 신체에 상해를 입는 일
남: 9세 전 2차 성징,남: 9세 전 2차 성징 전신    9세 이전에 고환이나 성기가 커지는 등의 2차 성징이 나타남
농약을 먹었어요,농약을 먹었어요 전신    농약을 먹었어요
뇌전증 발작,뇌전증 발작 전신    뇌 신경세포의 과도한 흥분으로 인해 나타나는 뇌기능의 일시적 마비 증상
다른 선천성 기형,다른 선천성 기형 전신    진단된 기형 외 선천적으로 가지고 있는 기형
다발성 장기부전 증상,다발성 장기부전 증상 전신    여러가지 장기의 기능이 제 기능을 하지 못하여 나타나는 증상
다식,다식 전신    비정상적으로 음식을 많이 먹음
다음,다음 전신    비정상적으로 물이나 음료 등을 많이 마심
당뇨,당뇨 전신    혈관 속에 포도당이 과다하게 증가하여 소변으로 포도당이 배출되는 것
대사성 산증,대사성 산증 전신    어떤 원인(대사와 관련된 원인)에 의해 혈액 속 수소 농도가 7.35 미만인 경우
더위를 못 견딤,더위를 못 견딤 전신    더위를 참치 못하고 예민해짐
독버섯,"독버섯 전신    독버섯도 종류에 따라 여러 가지 임상양상을 보이며 오심, 구토, 설사 등의 소화기 증상 및 어지럼증 현훈과 같은 신경계 증상도 발생하며 때로는 다발성 장기부전을 일으켜 사망에 이르기도 합니다. "
독초 섭취,독초 섭취 전신    독초에 의한 중독은 주로 독초를 식용나물로 오인하고 먹었을 때 발생하게 됩니다. 
돌연사,돌연사 전신    갑작스런 죽음
동맥경화,동맥경화 전신    혈관벽 내부에 콜레스테롤 등이 쌓여 혈관 직경이 좁아진 상태
동물에게 물렸어요,동물에게 물렸어요 전신    동물에게 물렸어요
동작의 완만,동작의 완만 전신    천천히 움직임
땀이 잘 나지 않음,땀이 잘 나지 않음 전신    비정상적으로 땀이 나지 않음
떨림(진전),떨림(진전) 전신    여러가지 원인에 의해 몸이 떨리는 상태
림프 부종,림프 부종 전신    림프관에 문제가 생겨 피하 조직에 림프액이 고여 단단해지고 부어있는 상태
림프절 농양,림프절 농양 전신    이물질을 처리하는 면역기관인 림프절에 고름이 고여 덩어리를 이룬 것
마비,마비 전신    신경이나 근육에 감각이 없거나 움직일 수 없는 상태
마찰음,마찰음 전신    움직임 시 스치는 듯한 소리가 남
말초 통증,"말초 통증 전신    손, 발 등의 말초 부위에서 느껴지는 통증"
면역기능 이상,면역기능 이상 전신    신체에 들어 온 항원에 대항하여 항체를 생성하고 인체를 방어하는 기능에 이상이 생긴 상태
몸살,몸살 전신    몸이 쑤시거나 나른하며 기운이 없고 오한이 나는 상태
몽유병,몽유병 전신    잠에서 불완전하게 깨어 걸어 다니는 일이 반복되는 상태
무도증,무도증 전신    자신의 의지와 상관없이 신체가 움직이는 증상
무산소 발작,무산소 발작 전신    저산소증이나 혈액공급보다 산소요구량이 많을 때 청색증이 발생하며 의식을 잃는 실신 발작
물에 빠졌어요,물에 빠졌어요 전신    물에 빠졌어요
민첩성 감소,"민첩성 감소 전신    자극에 대하여 빠르게 반응하거나, 신체의 위치를 재빨리 바꾸거나, 방향전환을 빠르게 하는 능력이 줄어듬"
반복적인 동작,반복적인 동작 전신    자신의 의지와 상관없이 신체가 동일한 행동을 하는 증상
반사 이상,반사 이상 전신    자극에 대하여 일정한 반응을 보이는 행동에 이상이 생김
발육부전,발육부전 전신    어떠한 원인에 의해 성장속도가 평균에 미치지 못하는 상태
발작적인 울음,발작적인 울음 전신    병적으로 갑자기 세차게 발생하는 울음
발한,발한 전신    체온이 높아졌을 때 땀으로 수분을 배출해 체열을 발산시켜 체온조절을 하거나 정신적 긴장 시 땀이 나는 현상
백혈구 증가,백혈구 증가 전신    혈액 검사 시 백혈구 수치가 높음
뱀에 물렸어요,뱀에 물렸어요 전신    뱀에 물렸어요
벌에 쏘였어요,벌에 쏘였어요 전신    벌에 쏘였어요
병적골절,병적골절 전신    뼛속에 생긴 병으로 인해 뼈가 약해져서 아주 약한 힘이 주어져도 골절이 생기는 것
보챔,보챔 전신    아프거나 졸릴 때 울거나 칭얼거리는 것
빈혈,빈혈 전신    혈액 속에 헤모글로빈 농도가 감소한 상태로 혈액의 산소 운반 기능이 떨어져 얼굴이 창백해지고 쉽게 피로감을 느끼는 것
뼈 전이,뼈 전이 전신    종양이 원발부위에서 벗어나 뼈로 옮겨 감
뼈의 통증,뼈의 통증 전신    건강문제가 발생한 부위의 뼈에서 느껴지는 통증
사망,사망 전신    죽음
사춘기 지연,"사춘기 지연 전신    여아 12세, 남아 14세가 지나도 유방 혹은 고환이 발달하지 않거나 성적 성숙이 진행되지 않는 상태 "
산혈증,산혈증 전신    혈액의 pH가 7.4 이하로 떨어져 산성 상태를 보이는 것
상동적 행동,상동적 행동 전신    의미를 가지지 않는 이상한 행동을 반복적으로 되풀이하는 신체 행동
서동,서동 전신    천천히 움직이는 양상
성선 기능 저하증,성선 기능 저하증 전신    성선자극호르몬의 분비가 감소되거나 성선호르몬의 분비가 감소되어 나타나는 증세
성조숙증,성조숙증 전신    2차 성징의 징후들이 정상적인 시기보다 빨리 나타나는 것
소인증,소인증 전신    키가 작음
손상 부위 통증,손상 부위 통증 전신    외상이나 골절 등의 원인으로 인해 손상이 있는 부위에서 느껴지는 통증
쇼크,"쇼크 전신    순환혈액량 감소나 말초혈관의 확장, 심장 이상, 신경성, 아나필락시스 등의 원인에 의해 조직에 저산소증을 일으켜 탄산가스나 유산 등의 대사산물의 축적을 일으킨 상태"
수면 마비,수면 마비 전신    수면 주기 중 REM 수면 시 근육 마비로 인해 잠들기 직전이나 아침에 일어났을 때 움직이지 못하는 현상
수면 시 땀,수면 시 땀 전신    잠을 자면서 땀이 많이 남
수면 후에도 피로함,수면 후에도 피로함 전신    수면 이후에도 피로가 풀리지 않고 계속 피곤한 상태
수포음,수포음 전신    건강 문제가 있는 부위에서 나는 거품 소리
술에 너무 많이 취했어요,술에 너무 많이 취했어요 전신    술에 너무 많이 취했어요
신경 마비,"신경 마비 전신    여러가지 원인에 의해 뇌, 척수, 말초신경, 근육 등의 신경조직에 생긴 운동마비, 지각장애, 보행장애, 경련, 복시, 의식장애, 통증 등의 이상 증상"
신경과민,"신경과민 전신    심신의 과로나 지속적인 스트레스에 대해 과민하게 반응하여 초조해지기 쉽고, 피로해지기 쉬운 상태"
신부전,신부전 전신    신장이 혈액에서 노폐물을 제거하고 몸 안의 수분량과 전해질 농도를 적절하게 유지하는 기능을 상실한 상태
신장 감소,신장 감소 전신    키가 줄어듦
신장 발육부전,신장 발육부전 전신    신장이 정상보다 크기가 작음
신증후군,신증후군 전신    소변에서 배설되는 단백질의 양이 성인 기준으로 하루 3.5g 이상이며 혈중 알부민 농도가 3.0g/dl 이하이고 부종을 나타내는 것을 특징으로 하는 신사구체 질환
실신,실신 전신    뇌의 혈액순환 문제 또는 중추신경 이상으로 인해 일시적으로 의식을 잃는 상태
심부정맥혈전증,심부정맥혈전증 전신    많은 양의 피가 지나가는 심부정맥이 피떡으로 막힌 상태
심혈관계 증상,"심혈관계 증상 전신    가슴 중앙의 통증이나 불편감, 어지러운 느낌 등 심장과 혈관의 이상 증상"
아나필락시스,아나필락시스 전신    특정물질에 대해 몸에서 과민반응을 일으키는 것으로 극소량만 접촉해도 전신에 걸쳐 증상이 발생하는 심각한 알레르기 반응
악성종양발생,악성종양발생 전신    악성 종양이 여러부위에 발생함
약을 많이 먹었어요,약을 많이 먹었어요 전신    약을 많이 먹었어요
에너지가 적음,에너지가 적음 전신    어떤 일을 하고자 하는 의지가 적음
여: 8세 전 2차 성징,여: 8세 전 2차 성징 전신    8세 이전에 유방이 발달하거나 월경을 시작하는 등의 2차 성징이 나타남
연속동작의 느림,연속동작의 느림 전신    하나의 동작에서 다음의 동작으로 연결하는데 시간이 오래 걸림
연탄가스를 마셨어요,연탄가스를 마셨어요 전신    연탄가스를 마셨어요
열,열 전신    정상 체온 범위를 벗어나 비정상적으로 높은 체온
열감,열감 전신    건강 문제가 있는 부위에서 느껴지는 따뜻한 느낌
영양 불량,영양 불량 전신    영양 섭취 혹은 흡수가 부족하여 영양결핍이 온 상태
오한,오한 전신    세균감염이나 질환 시 고열이 나면서 의지와 상관이 없이 근육이 떨리거나 수축하는 상태
온몸의 잔털,온몸의 잔털 전신    호르몬 분비 이상으로 몸에 털이 많아지거나 굵어짐
온몸이 떨림,온몸이 떨림 전신    온몸이 떨리는 증세
요독증,요독증 전신    여러가지 원인에 의해 신장(콩팥)의 기능이 감소하면서 체내에 쌓인 노폐물들이 배설되지 못해 나타나는 증세
운동장애,"운동장애 전신    근긴장 이상, 실행, 실조, 근력 이상, 마비 등의 다양한 원인에 의해 발생된 운동기능의 장애"
이상지질혈증,이상지질혈증 전신    혈액 중에 지질 또는 지방성분이 과다하게 많이 함유되어 있는 상태
이완성 마비,이완성 마비 전신    근육의 긴장도가 약화되거나 상실되면서 나타나는 마비증상
일사병과 열사병,일사병과 열사병 전신    일사병과 열사병
자세 불안정,자세 불안정 전신    자세가 안정성이 없거나 안정되지 못한 상태
자율신경장애,"자율신경장애 전신    혈관이나 장기 벽을 이루는 민무늬근, 심장 근육, 샘에 분포하여 수축과 분비를 조절하는 신경에 이상이 생긴 것"
잦은 감염,"잦은 감염 전신    균(박테리아)이나 바이러스,기생충 등이 인체로 들어와 건강문제를 일으키는 것"
저산소증,저산소증 전신    동맥혈 산소 함량이 감소하여 조직속의 산소가 정상치 이하로 감소한 상태
저체온,"저체온 전신    신체가 추위에 노출되는 등의 환경적 요인이나 외상, 갑상선기능저하증과 같은 질환 등의 이유로 체온 유지 기전이 손상되어 정상체온을 유지 하지 못하고 체온이 35℃ 이하로 떨어진 상태"
저체중,"저체중 전신    체중이 정상 발단단계의 평균에 못미침, 성인의 체질량지수(BMI)가 18.5 미만일 때"
저혈당,저혈당 전신    혈당이 50mg/dl 보다 낮은 상태
저혈량 쇼크,저혈량 쇼크 전신    출혈이나 심한 화상 등의 원인으로 인해 혈액순환량이 감소하여 장기의 쇼크 증상이 발생함 
저혈압,저혈압 전신    수축기 혈압 90mmHg보다 낮은 상태
전신 부종,전신 부종 전신    온 몸이 부어 있는 상태
전신 통증,전신 통증 전신    온 몸에 통증이 있는 상태
전조증상(aura),전조증상(aura) 전신    발작의 시작을 나타내거나 발작에 앞서 나타나는 특징적인 증상들
전해질 불균형,"전해질 불균형 전신    몸 속의 세포와 체액에 존재하는 나트륨, 칼륨, 칼슘 등의 전해물질의 불균형"
점상 출혈,점상 출혈 전신    피부나 점막에 1~2mm정도의 점 모양으로 관찰되는 출혈 반점
정맥혈전,정맥혈전 전신 다리   정맥에 생긴 응고 작용에 의해 혈소판과 섬유소로 구성된 혈액성분이 응집된 덩어리
종양부위 부종,종양부위 부종 전신    종양이 발생한 부위가 부은 상태
진균감염증,"진균감염증 전신    진균(곰팡이)이 피부의 가장 바깥층인 각질층이나 손발톱, 머리카락 등에 감염되어 발생하는 질환"
철결핍성 빈혈,철결핍성 빈혈 전신    적혈구 내의 헤모글로빈을 구성하는 중요한 성분인 철분이 부족하여 헤모글로빈이 감소한 상태
체중감소,체중감소 전신    체중이 줄어듦
체중증가,체중증가 전신    체중이 늘어남
추위를 못견딤,추위를 못견딤 전신    동일한 조건에서 상대적으로 남들에 비해 추위를 견디기 어려워함
축 늘어짐,축 늘어짐 전신    아기가 울거나 놀지 않고 쳐져있는 상태
출혈 경향성,"출혈 경향성 전신    작은 자극, 손상에도 쉽게 출혈되는 상태"
탈력발작,탈력발작 전신    공포나 정신적 충격에 의한 갑작스런 근력의 상실
탈수,탈수 전신    체내에서 수분 혹은 전해질이 감소되어 나타나는 상태
통증 없는 부종,통증 없는 부종 전신    누르거나 어떠한 자극을 주어도 아프게 느껴지지 않으나 부어있는 상태
파종성 혈관내 응고,파종성 혈관내 응고 전신    지혈 작용이 과다하게 활성화되어 필요 이상으로 응고작용이 심하게 일어나게 되는 것
표준 신장의 3%이하,표준 신장의 3%이하 전신    표준 신장 보다 작음
피가 잘 안 멎음,"피가 잘 안 멎음 전신    혈소판 기능이상, 혈액응고 기전 손상으로 출혈 시 지혈이 잘 안됨"
피로감,피로감 전신    과로로 정신이나 몸이 지쳐 힘든 상태
피부소양감,피부소양감 전신 피부   피부를 긁거나 비벼대고 싶은 욕망을 일으키는 불편한 느낌
혈소판감소,혈소판감소 전신    혈액검사 결과 상  혈소판 수치가  감소한 상태
혈전증,혈전증 전신    어떤 원인에 의하여 혈전 형성이 촉진되어 혈관 내 혈전이 많아지는 상태
협조장애,협조장애 전신    신경정신적 문제로 인해 주변인의 요청에 따르지 못하는 상태
호르몬변화,호르몬변화 전신    호르몬 분비의 변화
호흡 화상,호흡 화상 전신    화재가 났어요
환부 냉감,환부 냉감 전신    환부의 차가운 느낌
환부 부종,환부 부종 전신    건강문제가 있는 부위가 부은 상태
환부 통증,환부 통증 전신    건강문제가 있는 부위에서 느껴지는 통증
활력징후 이상,"활력징후 이상 전신    활력징후 즉, 혈압, 맥박, 체온, 호흡수가 정상 범위를 벗어난 상태"
후궁반장,후궁반장 전신    척추가 활 모양으로 둥굴게 휘면서 과신전되고 경직되는 발작
흥분,흥분 전신    자극을 받아 생기는 감각 세포나 신경 단위의 변화. 또는 그로 인하여 일어나는 신체 상태의 변화
각질이 딱딱해짐,각질이 딱딱해짐 피부    피부 표피가 딱딱함
갈색 피부 반점,갈색 피부 반점 피부    피부 표면에 있는 편평한 갈색의 점
거칠어진 피부,거칠어진 피부 피부    피부가 거칠어짐
검붉은 색 피부,검붉은 색 피부 피부    피부색이 검붉게 변함
검은 점,검은 점 피부    점의 색이 검음
결절,결절 피부    장기나 피부에 비정상적으로 커진 덩어리
경계 불규칙성,경계 불규칙성 피부    반점의 테두리가 불규칙한 모양을 띰
고름,고름 피부    화농성 감염이 있는 부위에 생긴 노르스름한 분비물
괴사,괴사 피부    어떤 비정상적인 원인에 의해 세포가 죽음
궤양,궤양 피부    피부 또는 점막이 헐어서 상처가 난 상태
낭종,낭종 피부    주머니 모양의 크거나 작은 혹
노란 이물질,노란 이물질 피부    환부에 노란색의 물질이 보임
"눈,뺨 주위 작은 낭종","눈,뺨 주위 작은 낭종 피부    눈과 뺨 주위에 생긴 작은 주머니 모양의 혹 "
눈꺼풀의 살색 돌기,눈꺼풀의 살색 돌기 피부    눈꺼풀에 살색으로 도드라진 부분
다모증,다모증 피부    피부에 털이 많이 자라는 것
닭살,닭살 피부    피부가 닭살과 같이 우들두들하게 도드라진 피부 상태
두드러기,"두드러기 피부    알레르기 반응에 의해 피부 표면에 생긴 팽진과 발적, 소양감"
딱지,"딱지 피부    상처가 아물때 생기는 것. 혈액, 혈청, 농을 비롯한 분비물이 건조외어 축적된 것"
멍,멍 피부    피부 밑의 혈관이 터져 피부 밑조직에 출혈된 상태
면포,"면포 피부    얼굴, 이마, 콧등에 나타나는 좁쌀 크기의 굳어진 피지 덩어리"
모낭염,모낭염 피부    빈칸
물집,물집 피부    피부에 묽은 액체가 고여 반달모양으로 부풀어 오른 물주머니
물집성 표피 박리,물집성 표피 박리 피부    물집이 생기면서 표피가 벗겨짐
미란,미란 피부    표층에 국한되는 얕은 수준의 피부 궤양
미세반점의 군집,미세반점의 군집 피부    작은 반점이 무리지어 있음
반상출혈,반상출혈 피부    피부나 점막에 3mm 이상 크기로 나타나는 반상형의 출혈
반점,반점 피부    피부 표면에 부풀어오르거나 패인 곳 없이 색깔 변화만 있는 상태
발가락 사이 갈라짐,발가락 사이 갈라짐 피부    발가락 사이의 피부가 갈라지고 균열이 생김
발바닥 피부 두꺼워짐,발바닥 피부 두꺼워짐 피부    발바닥 피부에 각질이 두꺼워짐
발적,발적 피부    피부나 점막에 염증이 생겼을 때 모세 혈관이 확장되어 이상 부위가 빨갛게 부어오르는 현상
발진,"발진 피부    염증이나 약물, 기타 다른 원인에 의해 피부에 붉게 돋아나는 작은 병변"
분홍색의 반흔,분홍색의 반흔 피부    빈칸
불규칙한 반흔,불규칙한 반흔 피부    상처가 아문 자리가 불규칙한 모양으로 자국이 남음
붉고 얇은 피부,붉고 얇은 피부 피부    빈칸
붉은 색소 침착,붉은 색소 침착 피부    피부에 색소가 침착하여 색이 붉게 변함
"비강,목,폐 건조","비강,목,폐 건조 피부 골반 다리  비강, 인후 등의 점막이 마름"
뿔 모양의 병변,뿔 모양의 병변 피부    장기간의 만성적 일광 노출에 의해 각질형성세포가 비정상적인 성장하여 뿔모양의 피부 병변을 보임
사마귀 위 털이 많음,사마귀 위 털이 많음 피부    사마귀가 난 부위 위로 털의 양이 많아지거나 굵어짐
상처가 넓어짐,상처가 넓어짐 피부    상처가 있던 원래의 크기 보다 커짐
상처보다 넓게 자람,"상처보다 넓게 자람 피부    수술 부위, 염증 등의 흉터가 상처부위보다 넓게 생김 "
색소 침착,색소 침착 피부    멜라닌이나 헤모지데린과 같은 색소가 병적으로 증가하여 짙은색으로 나타나는 상태
소양감,소양감 피부    빈칸
"손,발,겨드랑이 발한","손,발,겨드랑이 발한 피부    손, 발, 겨드랑이에 땀이 많이 남"
습진,"습진 피부    가려움증, 홍반, 인설과 군집된 구진, 수포를 보이는 피부 질환군"
여드름,여드름 피부    모낭과 연결된 피지선에 발생한 염증성 피부 질환
울퉁불퉁한 상처,울퉁불퉁한 상처 피부    표면이 매끄럽지 못한 상처
인설,인설 피부    피부의 각질화된 상피세포. 건조하거나 습한 각질 덩어리
자반증,자반증 피부    피부 또는 점막에 출혈이 있어 붉거나 보라색으로 보이는 반점
장액성 분비물,장액성 분비물 피부    엷고 투명한 황색의 장액 같은 분비물
적색의 각질화된 피부,적색의 각질화된 피부 피부    피부 바깥쪽 표피층이 붉게 변색되어 딱딱하게 변함
점 안에 다른 색 피부,점 안에 다른 색 피부 피부    원래 있던 점 주변에 새로운 색의 점이 생김
점막변화,"점막변화 피부    점막의 발적, 균열 등의 이상 증세를 보이는 상태"
찌르는 듯한 느낌,찌르는 듯한 느낌 피부    피부 표면을 날카로운 물체로 콕콕 찌르는 느낌
차갑고 축축한 피부,차갑고 축축한 피부 피부    피부가 차고 땀이 난 것처럼 축축하게 느껴짐
창백,창백 피부    피부의 색이 하얗게나 파래짐
청색증,"청색증 피부    입술, 손끝, 귀, 점막 등의 부위에 산소 공급이 감소하여 파랗게 보이는 것"
체모감소,체모감소 피부    호르몬 분비 이상이나 과도한 스트레스로 몸의 털이 빠져 줄어든 상태 
촉지자반,촉지자반 피부    피하나 점막 출혈으로 생긴 자색 반점이 손으로 만져짐 
촉진성 자반증,촉진성 자반증 피부    모세혈관의 염증 때문에 두드려져 보이는 출혈성 반점
촘촘하게 난 털,촘촘하게 난 털 피부    피부에 난 털의 양이 많아지고 굵기가 굵어짐
태선화,태선화 피부    피부가 건조하고 딱딱해져 가죽처럼 두꺼워지는 현상
털이 동반되기도 함,털이 동반되기도 함 피부    피부 착색 부위에 털이 촘촘하게 남
플라크,플라크 피부    표면이 매끄럽고 편평하거나 약간 낮거나 높으며 상아색조를 띤 피부의 얇고 단단한 조각
피부 각질,피부 각질 피부    피부의 표피를 구성하는 납작한 비늘같은 세포층
피부 건조,"피부 건조 피부    미세한 비늘이나 피부 갈라짐, 소양감 등이 나타나는 피부의 수분 부족 상태"
피부 긴장도 저하,피부 긴장도 저하 피부    전해질 불균형이나 노화에 의해 피부 긴장도가 감소한 상태 
피부 및 점막의 염증,"피부 및 점막의 염증 피부    피부나 점막에 붉어지거나 열감, 통증 등의 염증 증상이 관찰됨"
피부가 두꺼워짐,피부가 두꺼워짐 피부    피부가 두꺼워져 딱딱하게 만져짐
피부경화,"피부경화 피부    부드러운 조직이 부종, 출혈, 염증 등의 병적 원인에 의해 단단해지는 것"
피부궤양,피부궤양 피부    염증으로 죽은 조직의 탈락에 의해 기관이나 조직의 표면이 국소적으로 소실되거나 함몰되는 것을 말함. 피부의 진피이하까지 탈락하여 흉터를 남김
피부균열,피부균열 피부    피부가 갈라지고 터짐
피부긴장도 저하,피부긴장도 저하 피부    전해질 불균형이나 노화에 의해 피부 긴장도가 감소한 상태 
피부색 변화,"피부색 변화 피부    피부의 색, 모양, 상태, 성질 따위가 바뀜"
피부염증,피부염증 피부    빈칸
피부홍조,피부홍조 피부    피부가 붉어짐
혈관 확장,혈관 확장 피부    피부 아래 혈관이 늘어나 피부가 붉게 보이는 상태
화상,"화상 피부    열, 전기, 약물 등의 원인에 의해 피부세포가 파괴되거나 괴사되는 것"
흉터,흉터 피부    외상이 치유된 자리의 형성된 육아조직
겨드랑이 멍울,겨드랑이 멍울 유방    겨드랑이에 만져지는 혹이 있음
남성의 여성형 유방,남성의 여성형 유방 유방    남성에게 유선 조직의 증식이나 비만 등의 원인에 의해 가슴이 여성의 유방처럼 보이는 것
유루증,유루증 유방    젖의 분비가 과다하게 됨
유방 크기의 감소,유방 크기의 감소 유방    유방 조직이 작아짐
유방 통증,"유방 통증 유방    호르몬 변화나 염증, 종양과 같은 원인에 의해 유방에 발생하는 통증"
유방의 과다 성장,유방의 과다 성장 유방    유방 조직이 매우 커짐
유방의 멍울,유방의 멍울 유방    유방에서 만져지는 혹
유방의 퇴행,유방의 퇴행 유방    유방이 작아짐
함몰유두,함몰유두 유방    한쪽 또는 양쪽 유두가 돌출되지 않고 유방 쪽으로 들어간 것
고환 멍울,고환 멍울 생식기    고환에 만져지는 비정상적인 덩어리
고환 불쾌감,고환 불쾌감 생식기    고환 부위에 좋지 않은 느낌이 있음
고환 위축,고환 위축 생식기    고환의 기능이나 크기가 축소됨
고환에 낭이 만져짐,고환에 낭이 만져짐 생식기    고환에 물주머니와 같은 덩어리가 만져지는 것
귀두가 울혈됨,귀두가 울혈됨 생식기    귀두에 피가 몰림
귀두의 탈색,귀두의 탈색 생식기    귀두 부위 색이 희거나 다른색으로 변함
무월경,무월경 생식기    어떠한 원인에 의해 월경이 없는 상태
미소음경(micropenis),미소음경(micropenis) 생식기    음경이 비정상적으로 작음
발기부전,발기부전 생식기    음경의 발기가 잘되지 않는 상태
배뇨 시 통증,배뇨 시 통증 생식기    소변을 볼 때 요도 및 회음부에 느껴지는 통증
부분적 음순융합,부분적 음순융합 생식기    선천적 결함으로 음순의 양쪽 부분이 부분적으로 합쳐져 있음
불임,불임 생식기    피임을 하지 않은 부부가 정상적인 부부관계에도 불구하고 1년 이내에 임신이 되지않는 상태
비정상적 질 분비물,비정상적 질 분비물 생식기    정상적인 생리 주기에서 벗어난 비정상적인 출혈
비정상적 질출혈,비정상적 질출혈 생식기    정상적인 생리 주기에서 벗어난 비정상적인 출혈
사정이 일찍 됨,사정이 일찍 됨 생식기    성관계 시 사정이 빠른 시간에 이루어짐
생리량 감소,생리량 감소 생식기    호르몬 이상으로 생리양이 병적으로 감소하는 상태
생리불순,생리불순 생식기    생리 주기가 불규칙함
생식기 궤양,생식기 궤양 생식기    생식기 피부가 헐어서 상처가 난 상태
생식기 부종,"생식기 부종 생식기    생식기, 회음부가 부은 상태"
생식기 출혈,생식기 출혈 생식기    생식기에서 피가 나는 상태
생식기 통증,생식기 통증 생식기    생식기 부위에서 느껴지는 통증
생식능력 저하,생식능력 저하 생식기    생식행위를 통해 자손을 가질 수 있는 능력이 감소함
성기 끝의 불쾌감,성기 끝의 불쾌감 생식기    성기 끝부분에 나쁜 느낌
성기능 장애,"성기능 장애 생식기    성 행위와 관련하여 나타나는 성반응 주기의 장애 또는 성교 통증을 의미하며, 성적 욕구 장애, 성적 흥분 장애, 극치감 장애, 성적 통증 장애를 말함"
성기크기 감소,성기크기 감소 생식기    호르몬 이상으로 성기의 크기가 감소하는 상태
성생활이 힘듦,성생활이 힘듦 생식기    정상적인 성관계가 어려움
염증 장애에 따라 다양,"염증 장애에 따라 다양 생식기    습관성 유산, 여성불임, 인공수정과 관련한 합병증 등의 염증과 관련없는 여성생식기의 장애"
외부 생식기가 모호함,"외부 생식기가 모호함 생식기    외부 생식기의 남, 녀 구분이 모호함"
요도가 아랫쪽에 위치,요도가 아랫쪽에 위치 생식기    요도가 정상보다 아랫쪽에 위치함
월경과다,월경과다 생식기    월경의 양이 많거나 7일 이상 오래 지속하는 것
위축성 질염,위축성 질염 생식기    난소에서 분비되는 여성호르몬의 양이 감소하여 질 점막이 얇아지고 질점막에 혈관 분포가 감소하여 발생한 질의 염증 상태
음경 강직,음경 강직 생식기    음경이 딱딱해짐
음경이 휘어짐,음경이 휘어짐 생식기    음경이 구부러짐
음낭 부종,음낭 부종 생식기    음낭이 부음
음낭 통증,음낭 통증 생식기    음낭이 아파요
"음낭에 없는 고환,부고환","음낭에 없는 고환,부고환 생식기    정상적으로 음낭에 위치해야 할 고환, 부고환이 다른 부위에 위치하거나 없음"
음낭이 작아 보임,음낭이 작아 보임 생식기    음낭의  크기가 작게 보임
음낭이 잘 발달하지 않음,음낭이 잘 발달하지 않음 생식기    음낭의 크기가 매우 작거나 푹 꺼져 있음
음모가 적거나 없음,음모가 적거나 없음 생식기    음모가 없어 희게 보임
음핵비대,음핵비대 생식기    음핵이 커짐
정상적인 성생활 불가능,정상적인 성생활 불가능 생식기    성생활이 어려움
지속 발기,지속 발기 생식기    발기 상태가 지속적으로 유지됨
지연뇨,지연뇨 생식기    소변을 볼 때 소변이 나올 때까지 시간이 오래 걸림
질 밖으로 빠지는 느낌,질 밖으로 빠지는 느낌 생식기    질이 바깥으로 나오는 느낌이 있음
질에서 소변이 나옴,질에서 소변이 나옴 생식기    소변이 생식기인 질을 통해 배출됨
질은 없거나 짧은 맹관,질은 없거나 짧은 맹관 생식기    질이 없거나 직장과 자궁 사이의 주머니 공간이 짧음
질의 건조함,질의 건조함 생식기    질 점막이 말라서 습기가 없음
포피가 젖혀지지 않음,포피가 젖혀지지 않음 생식기    귀두부의 포피가 뒤로 젖혀지지 않는 상태
피가 정액에 나옴,피가 정액에 나옴 생식기    정액이 피가 섞여 붉음
회음부 불쾌감,회음부 불쾌감 생식기    항문과 회음부에 기분 나쁜 느낌이 있음
회음부의 작은 돌기,회음부의 작은 돌기 생식기    회음부위의 작고 뽀족하게 도드라진 부분
회음부의 파열,회음부의 파열 생식기    회음부가 찢어지거나 갈라져 터짐
희발월경,희발월경 생식기    월경의 간격이 35∼40일 이상으로 길어지는 증상
거대자궁,거대자궁 골반    정상보다 비정상적으로 큰 자궁
거품있는 소변,거품있는 소변 골반    배뇨 후 소변에 거품이 관찰됨
골반 통증,골반 통증 골반    골반 내부 장기 및 골반 주변에 생긴 건강문제로 발생된 통증
긴박뇨,긴박뇨 골반    소변이 마려워 참지 못하는 상태
다뇨,다뇨 골반    소변의 양이 비정상적으로 많음
단백뇨,단백뇨 골반    신장에 생긴 건강문제로 소변에 단백질이 나오는 것
무뇨,무뇨 골반    신장의 기능을 잃거나 요관이 막히거나 방광에 소변이 고이지 않아 소변을 보지 못하는 상태
방광 팽만,방광 팽만 골반    방광에 소변이 차면서 소변을 배출하지 못하여 느끼는 하복부의 팽만감
배뇨곤란,배뇨곤란 골반    소변을 볼 때 느껴지는 불편감
배뇨장애,"배뇨장애 골반    배뇨와 관련한 생식기계, 비뇨기계, 신경계 이상으로 소변을 보는데 어려움이 있는 것   "
분뇨,분뇨 골반    소변에 대변이 섞여나옴
분만 지연,분만 지연 골반    태아 자체의 문제나 산모의 자궁 상태에 의해 분만이 진행되지 않는 것
불규칙적 진통,불규칙적 진통 골반    자궁 수축의 간격이 불규칙한 상태
비정상적인 진통,비정상적인 진통 골반    비정상적으로 힘들거나 느리게 진행되는 진통
빈뇨,빈뇨 골반    배뇨 횟수가 비정상적으로 증가한 상태
소변량 감소,소변량 감소 골반    소변량이 병적으로 줄어든 상태
소변을 볼 수 없음,소변을 볼 수 없음 골반    소변이 나오지 않음
소변이 샘,"소변이 샘 골반    자기도 모르는 사이에 소변이 나오거나, 소변이 마렵다는 느낌은 드나 참지 못하며 옷에 실수를 하고, 기침을 하거나 갑자기 움직이거나 방귀를 뀌어도 소변이 나오는 것"
수면 중 소변을 봄,수면 중 소변을 봄 골반    잠을 자다가 본인의 의지와 상관없이 소변을 봄
습관성 유산,습관성 유산 골반    임신 5개월(20주)이전에 3차례 이상 계속해서 유산하는 것
야간뇨,야간뇨 골반    밤동안 자주 소변이 마려움
양막 유착,양막 유착 골반    태반을 이루는 여러 층의 막중 하나인 양막이 분리되지 않고 엉겨붙음
요관 폐쇄,요관 폐쇄 골반    소변이 흘러나오는 요관이 종양이나 기타 여러가지 원인에 의해 막힌 상태
요도 불쾌감,요도 불쾌감 골반    요도에서 느껴지는 기분 나쁜 느낌
요로감염,요로감염 골반    소변이 흐르는 길에 감염이 있는 것
요정체,요정체 골반    소변이 나가는 길이 막히거나 배뇨를 관장하는 신경에 이상이 생겨 소변이 배설되지 못하고 체내에 머물고 있는 상태
이슬,이슬 골반    양수가 터지거나 새어 질을 통해 흐름
임신 주수보다 작은 배,임신 주수보다 작은 배 골반    임신 주수에 따라 평균적으로 나와야하는 배보다 작은 경우 
임신중 배의 크기가 줄어듦,임신중 배의 크기가 줄어듦 골반    임신 중 나온 배가 다시 작아지는 상태
자궁 수축,자궁 수축 골반    분만이 아닌 때 있는 비정상 자궁 수축
자궁이 없음,자궁이 없음 골반    검사 시 자궁이 관찰되지 않음
잔뇨감,잔뇨감 골반    소변을 보고 난 후에도 소변이 남아있는 느낌
진한 소변색,"진한 소변색 골반    간질환이나 수분 섭취 부족, 약물 등 다양한 원인에 의해 소변이 색이 짙어진 것"
커지지 않는 자궁,커지지 않는 자궁 골반    임신 시 배가 불러오지 않음
탁한 소변,탁한 소변 골반    소변에 농이 섞여 맑지 않고 뿌옇게 보임
태동의 위치 이상,태동의 위치 이상 골반    태아의 운동이 느껴지는 위치가 비정상적임
태반의 조기 박리,태반의 조기 박리 골반    태아가 분만되지 않은 상태에서 태반이 자궁의 부착 부위로부터 일부 또는 전부 분리되는 현상
태아 심박동수 이상,태아 심박동수 이상 골반    태아의 심장 박동수가 정상에서 벗어난 상태
태아 저체중,태아 저체중 골반    태아의 몸무게가 정상 발달 단계의 평균적인 태아 몸무게보다 적은 경우
태아의 하강감,태아의 하강감 골반    태아가 아래로 처치고 태아 머리가 산모의 골반으로 내려온 느낌
탯줄의 압박,탯줄의 압박 골반    탯줄을 태아가 머리로 누르거나 몸에 감아 당겨짐 
혈뇨,혈뇨 골반    소변에 적혈구가 배출되어 선홍색이나 갈색으로 보이는 것
"4,5번째 손가락 굽음","4,5번째 손가락 굽음 손    손가락 운동을 조절하는 근육이나 건에 이상이 생겨 구부러진 상태"
거대지증,거대지증 손    손이나 발가락이 큼
곤봉지,곤봉지 손 발   손이나 발가락 끝이 둥그렇게 굵어진 곤봉 모양을 보임
다지증,"다지증 손    손,발가락이 비정상적으로 더 생겨서 6개 혹은 그 이상이 되는 기형"
레이노이드 현상,레이노이드 현상 손 발   여러가지 원인에 의해 손이나 발 등의 말초 부위 혈액순환을 감소시켜 저리거나 창백해지는 등의 이상 증상을 보이는 것
말단비대,말단비대 손 발   뼈가 넓고 두텁게 성장하여 사지가 커지고 아래턱은 길어지고 콧등은 넓어지는 증상
말초 신경장애,말초 신경장애 손 발   중추신경계로부터 연결되는 말초신경 경로에 염증이나 손상등의 건강문제가 생긴 상태
방아쇠무지,"방아쇠무지 손    손가락 내부 굴곡건 조직에 염증이 생긴 것으로 손가락이 잘 안 펴지고, 억지로 펴면 잘 굽혀지지가 않는 증상"
"손, 발 감각 저하","손, 발 감각 저하 손 발   손과 발에 감각이 무뎌짐"
"손,발톱이 갈라짐","손,발톱이 갈라짐 손 발   손발톱이 쪼개져 금이가고 모양이 변형됨"
"손,발톱이 두꺼워짐","손,발톱이 두꺼워짐 손 발   손발톱이 두꺼워져 모양에 변형이 생김"
손가락 외상,손가락 외상 손    손가락을 다쳤어요
손가락 운동장애,손가락 운동장애 손    손가락을 굽히거나 펴는 등의 운동에 이상이 있는 상태 
손가락 힘이 약해짐,손가락 힘이 약해짐 손    물건을 쥐거나 누르는 등의 손가락 힘이 약해짐
손가락의 변형,손가락의 변형 손    손가락이 휘거나 정상보다 굵어지는 등의 모양이 변한 상태
손떨림,손떨림 손    손이 떨리는 상태
손마디가 뻣뻣해짐,손마디가 뻣뻣해짐 손    손가락을 굽히거나 펴는 등의 운동 시 손가락 관절이 굳어져 뻣뻣한 느낌이 드는 상태
손마디에서 소리가 남,손마디에서 소리가 남 손    손가락을 굽히거나 펴는 등의 운동 시 손가락 관절에서 뚝 소리가 남
손목에 심한 붓기와 통증,손목에 심한 붓기와 통증 손    골절이 있는 부위에 체액이 몰려 매우 붓고 아픈 느낌
손발가락이 6개 이상,손발가락이 6개 이상 손 발   손발가락 개수가 여러 개인 기형
손발을 계속 움직임,손발을 계속 움직임 손 발   손가 발을 가만히 두지 않고 무언가를 만지거나 계속 움직임
손의 통증,"손의 통증 손    손가락, 손, 손목에서 느껴지는 통증"
스푼형 손톱,스푼형 손톱 손    손톱이 점점 얇아지며 손톱 전체나 끝 부분이 스푼처럼 움푹 들어감
시림,시림 손 발   혈액순환장애나 신경 손상 등의 원인에 의해 손발이 차갑거나 시린 느낌이 있는 것
열수,열수 손    갈라진 손
육아조직,"육아조직 손 발   외상, 염증에 의해 손상된 조직의 재생과정에서 관찰되는 결합조직"
주먹을 쥐기 힘듬,"주먹을 쥐기 힘듬 손    피부, 근육이 굳어져 주먹을 단단히 쥐기 어려움"
합지증,합지증 손    손가락이나 발가락이 분리되지 않고 붙어 있는 것 
갈퀴족지,갈퀴족지 발    발가락의 마디가 굽어져 발 모양의 변형을 보임
굳은 살,굳은 살 발    과도한 마찰에 의해 생긴 두꺼워진 피부 표면 
발 굴곡 운동의 제한,발 굴곡 운동의 제한 발    발을 구부렸을 때 잘 구부려지지 않음
발 안쪽 아치의 소실,발 안쪽 아치의 소실 발    발바닥의 활모양으로 굽은 부분
발가락 피부 벗겨짐,발가락 피부 벗겨짐 발    발가락 피부의 표피층이 떨어져나옴
발가락의 변형,발가락의 변형 발    발가락의 모양이 변함
발끝으로 설 수 없음,발끝으로 설 수 없음 발    발 뒤꿈치를 들고 설 수 없음
발의 통증,"발의 통증 발    발가락, 발바닥, 발목 부위에 느껴지는 통증"
발이 안쪽을 향해 걸음,"발이 안쪽을 향해 걸음 발    발 모양이 ""ㅅ"" 모양이 되도록 걸음 "
신발 안쪽이 주로 닳음,신발 안쪽이 주로 닳음 발    신발 안쪽이 땅에 많이 쓸림
안쪽 발이 튀어 나옴,안쪽 발이 튀어 나옴 발    발 안쪽이 움푹 들어가지 않고 튀어나와 편평한 상태임
엄지 발가락의 돌출,엄지 발가락의 돌출 발    엄지발가락이 바깥쪽으로 튀어나옴
염좌,염좌 발    뼈와 관절을 연결하는 인대가 찢어지거나 파열된 상태
가학증,가학증 기타    성적 쾌락을 얻기 위해 상대방에게 고통이나 모욕감을 주는 증상
감정 변화,감정 변화 기타    행동이나 생각에 변화가 생김
거짓 증상 호소,거짓 증상 호소 기타    실제로 나타나지 않은 증상을 꾸며서 증상을 호소함
걸핏하면 눈물지음,걸핏하면 눈물지음 기타    자주 우는 모습을 보임
고정된 믿음,고정된 믿음 기타    자신이 생각하고 있는 것만이 옳다고 함
관음증,관음증 기타    다른 사람의 특정 신체 부위나 성적 행동을 보며 성적 쾌락을 얻는 증상
권리를 강하게 주장,권리를 강하게 주장 기타    자신의 권리를 과도하게 강하게 표현함
긴장,"긴장 기타    골격근육이 일정한 단축 상태에 있거나 감정, 감각, 행동의 원인이 되는 심리적 상태 "
나쁜 품행,나쁜 품행 기타    부적절하거나 남에게 해를 끼치는 행동
난청,난청 기타    빈칸
낮은 자존감,낮은 자존감 기타    자신의 품위를 스스로 지키는 마음이 부족함
노출증,노출증 기타    대중에게 자신의 성기를 노출함으로써 성적 쾌락을 얻는 증상
높아진 자존심,높아진 자존심 기타    병적으로 강한 자존심을 보이는 상태
대인관계 어려움,대인관계 어려움 기타    다른 사람을 상대하는 것을 꺼리거나 싫어함
대화에 불쑥 끼어듬,대화에 불쑥 끼어듬 기타    다른 사람들 사이의 대화에 동의 없이 참여함
말더듬,말더듬 기타    0.5초 이상 지속되는 음이나 음절의 반복
말을 많이 함,말을 많이 함 기타    말의 양이 많은 상태
망상,망상 기타    교육 정도나 문화적인 환경에 걸맞지 않는 잘못된 믿음 또는 생각
무관심,무관심 기타    관심이나 흥미가 없음
무논리증,무논리증 기타    말이나 사고가 이치에 맞지 않음
무욕증,"무욕증 기타    어떤 일을 하고자 하는 의지, 흥미, 욕구가 없는 상태"
무의지증,무의지증 기타    목적있는 행동이나 사고를 수행할 능력이 상실된 상태
무증상,무증상 기타    특이 증상 없음
반사회적 인격장애,반사회적 인격장애 기타    통용되는 사회 규범이나 질서 또는 이익에 반대되는 행동을 하는 인격장애
범죄,범죄 기타    법률을 어기고 저지른 잘못
병원 쇼핑,병원 쇼핑 기타    여러 병원을 돌아다니며 진료를 받거나 의약품을 처방받는 것
불면증,불면증 기타    적절한 환경과 잠잘 수 있는 조건이 구비되었으나 잠을 이루지 못하는 것
불안,불안 기타    불편한 일이나 위험이 닥칠 것만 같아 마음이 편하지 않고 조마조마한 느낌
비관주의,비관주의 기타    나쁜 결과나 과정만 생각함
비정상적 성적 기호,비정상적 성적 기호 기타    특정 사물의 소유나 행동으로 성적 만족감을 느낌
비정상적인 움직임,비정상적인 움직임 기타    자신의 의지와 상관없이 신체의 일부를 반복적으로 움직임
비현실감,비현실감 기타    가상 현실에 존재하고 있다는 느낌이나 현실과 분리되어 있다고 느끼는 상태
빛이나 소리 공포증,빛이나 소리 공포증 기타    빛이나 소리에 대한 두렵고 무서움
사고의 비약,사고의 비약 기타    연상활동이 지나치게 빨라 생각이 한 주제에서 다른 주제로 빠르게 진행되는 현상
사회성 부족,사회성 부족 기타    원만한 대인관계 형성을 맺지 못하는 증상
사회적 고립,사회적 고립 기타    동료에게 전혀 관심을 끌지 못하거나 그룹활동에서 선택되지 못하는 것
산만함,산만함 기타    한가지 생각이나 행동에 집중하지 못하는 상태
삶에 대한 흥미 상실,"삶에 대한 흥미 상실 기타    삶에 대한 의지나 의욕, 재미가 없음"
섬망,"섬망 기타    여러가지 원인에 의해서 갑자기 발생한 의식의 장애, 주의력 저하, 언어력 저하 등 인지 기능 전반의 장애"
성격의변화,성격의변화 기타    뇌기능 장애로 인해 원래의 성격과는 다른 양상의 성격 양상을 보임
성욕감퇴,성욕감퇴 기타    이성과의 성적인 접촉 욕구가 감소함
소아기호증,소아기호증 기타    사춘기 전의 어린이에게만 성적 충동을 느끼는 증상
소외감,소외감 기타    남들과 멀어진 듯한 느낌
수면 시작이 어려움,수면 시작이 어려움 기타    잠이 들기까지 시간이 오래걸림
수면 유지가 어려움,수면 유지가 어려움 기타    잠이 든 후 자주 깸
수면 주기의 변화,수면 주기의 변화 기타    정상적인 사람의 수면주기는 약 90~120분 정도로 렘(REM)수면과 비렘(Non-REM) 수면으로 구성된 4~5회 수면주기를 가지게 되나 스트레스나 질환 등에 의해 이러한 수면주기가 바뀌는 상태  
수면 중 보행,수면 중 보행 기타    수면 중 걸어다니는 현상
수면 중 이상한 행동,"수면 중 이상한 행동 기타    수면 중 코골이, 이갈이, 수면 중 보행 등의 이상 행동을 보이는 상태"
수면장애,"수면장애 기타    불면증, 과다 수면, 기면병, 수면 무호흡증,악몽, 야경증, 몽유병 등의 원인에 의해 수면에 곤란이나 이상이 있을 경우"
식욕부진,"식욕부진 기타    질환, 치료, 정신적 이상 상태 등의 여러가지 원인에 의해 먹고 싶은 욕구가 감소한 상태"
식욕증가,식욕증가 기타    먹고자 하는 의지가 강해짐
암 부위별로 다름,암 부위별로 다름 기타    암부위별로 나타나는 증상이 다름
애착 상대와 분리 거부,애착 상대와 분리 거부 기타    애착상태와 떨어져 있으려 하는 것을 강하게 거부함
야만적 행위,야만적 행위 기타    교양없고 무례한 행위
약물남용,약물남용 기타    불법적인 약물의 사용 혹은 처방되지 않은 약물의 잘못된 사용
오후 우울감 완화,오후 우울감 완화 기타    우울한 상태가 오후 시간이 되었을 때 호전을 보임
와해된 언어,와해된 언어 기타    상황이나 논리에 맞지 않는 말을 함
와해된 행동,와해된 행동 기타    상황이나 논리에 맞지 않는 행동을 함
왜곡된 신체상,왜곡된 신체상 기타    매우 말랐으나 스스로 뚱뚱하다고 생각하는 등의 원래의 모습과 다르게 판단하는 것
외출 거부,외출 거부 기타    집 바깥 출입을 거부함
우울,"우울 기타    기분, 생각, 사고과정, 동기, 의욕, 관심, 행동, 수면, 신체활동 등 전반적인 정신 기능이 저하된 상태"
우유부단함,우유부단함 기타    의사결정을 명확히 하지 못함
원한,원한 기타    억울하고 원통한 일을 당하여 응어리진 마음
위험한 행동 반복,위험한 행동 반복 기타    자해나 타해를 반복하여 일으킴
의식 불명,의식 불명 기타    자기 자신이나 사물에 대하여 인식하는 능력이 없어짐
의심,의심 기타    확실히 할 수 없어서 믿지 못하는 마음
이상한 소리를 냄,이상한 소리를 냄 기타    자신의 의지와 상관없이 의미 없는 소리를 반복적으로 냄
이상행동,이상행동 기타    평소와 다른 행동을 보임
이성의 옷을 착용함,이성의 옷을 착용함 기타    빈칸
이인증,이인증 기타    자신의 심리 과정이나 신체로부터 떨어져 있는 듯한 느낌
인내심이 부족함,인내심이 부족함 기타    참지 못하고 행동하거나 말함
읽기 자체의 문제,읽기 자체의 문제 기타    글자를 읽을 수 없음
"읽기,쓰기 능력 부족","읽기,쓰기 능력 부족 기타    글을 읽거나 쓰는데 어려움이 있음"
읽으려 하지 않음,읽으려 하지 않음 기타    글자를 읽기를 거부함
입수면기의 환각,입수면기의 환각 기타    수면을 시작할 때 지각되는 실제 대상이 없는데도 지각되는 감각
자살의 위험,자살의 위험 기타    자신의 목숨을 끊고자하는 행동을 보임
자제력 상실 두려움,자제력 상실 두려움 기타    자신의 욕구를 스스로 통제하는 힘을 잃는 것에 대해 두려운 느낌이 듬
접촉도착증,접촉도착증 기타    상대방의 신체 일부분에 몸을 문질러 쾌감이나 성적 흥분을 얻는 것
정서 및 행동의 일탈,정서 및 행동의 일탈 기타    정해진 영역 또는 본래의 목적에서 벗어난 행동을 함
정서장애,정서장애 기타    빈칸
정서적 둔마,정서적 둔마 기타    정신이 굳어서 흐려짐
정신 지체,정신 지체 기타    빈칸
정신 혼미,"정신 혼미 기타    중독이나 감염 등의 여러가지 원인에 의해 기억력, 주의력, 집중력, 사고력 등의 지적 능력이 일시적으로 상실된 상태"
정체감 혼란 및 변형,정체감 혼란 및 변형 기타    내가 누구인지 일관되게 인식하지 못하고 혼동하거나 평소와 다르게 생각함 
조급증,조급증 기타    느긋하지 않고 매우 급한 성질
조절할 수 없는 충동감,조절할 수 없는 충동감 기타    어떠한 행동을 하고자 하는 욕구를 자신의 의지로 조절할 수 없는 상태
좁은 공간에서의 불안감,좁은 공간에서의 불안감 기타    급히 빠져나갈 수 없는 장소 또는 도움을 받기 어려운 장소나 상황에 혼자 가는 것을 두려워하는 상태
죽음에 대한 공포,죽음에 대한 공포 기타    어떠한 행동의 결과로 죽을 수도 있다거나 죽는다는 것 자체에 대한 공포감이 심함
직무 태만,직무 태만 기타    자신의 업무에 대해 열심히 하려 하지 않고 게으름
질병에 대한 공포,질병에 대한 공포 기타    빈칸
질투,질투 기타    다른 사람이 잘되거나 좋은 처지에 있는 것 따위를 미워하고 깎아내리려 함
초조함,초조함 기타    마음이 조마조마함
충동 조절 어려움,충동 조절 어려움 기타    순간적으로 어떤 행동을 하고 싶은 욕구를 조절하기 어려움
충동적 도벽,충동적 도벽 기타    자신의 의지로 조절되지 않는 충동감으로 물건을 훔침
"태아 뼈,근육의 기형","태아 뼈,근육의 기형 기타    검사 시 뱃속 태아의 골격에 기형이 관찰됨"
"태아, 신생아의 기형","태아, 신생아의 기형 기타    검사 시 뱃속 태아에게서나 출생 후 신생아에게서 기형이 관찰됨"
"태아, 신생아의 정신 장애","태아, 신생아의 정신 장애 기타    출생 후 신생아에게서 정신장애가 관찰됨"
판단력장애,"판단력장애 기타    사물을 인식하거나 논리, 기준에 의해 판단하는 능력의 장애 "
폭식,폭식 기타    병적으로 지나치게 음식물을 섭취함
피학증,피학증 기타    성적 쾌락을 얻기 위해 모욕이나 고통을 받으려고 하는 증상
피해망상,"피해망상 기타    자신이 타인으로부터 부당하게 괴롭힘, 고통, 피해를 입고 있다고 생각하는 증상"
행동장애,행동장애 기타    지속적으로 타인의 권리를 침범하거나 나이에 걸맞지 않게 사회적 규범을 어기는 행동이 나타나는 장애
환각,환각 기타    외부의 자극이 없는데도 외부에서 자극이 들어온 것처럼 느끼는 현상
환미,환미 기타    외부에서 미각의 자극이 없는데도 미각을 느끼는 것
환부의 분비물,환부의 분비물 기타    건강문제가 있는 분위에서 나오는 분비물
환시,환시 기타    외부에서 시각적 자극이 없는데도 시각을 인지하는 것
환청,환청 기타    외부에서 청각 자극이 없는데도 청각을 인지하는 것
환촉,환촉 기타    외부의 촉각 자극이 없는데도 감각을 인지하는 것
회피,회피 기타    선뜻 나서기를 꺼림
희망이 없는 느낌,희망이 없는 느낌 기타    어떤 행동을 하면서 그 행동으로 인해 좋아질 것이라는 느낌이 없음 
O자 다리,O자 다리 다리    다리를 똑바로 펴고 섰을 때 무릎 사이가 2cm에서 7.5cm 이상 바깥으로 휘어진 다리 상태
X자 다리,X자 다리 다리    똑바로 섰을 때 무릎 아래가 바깥으로 벌어져 있고 양 발목은 어른 주먹 한 개 이상이 들어갈 정도로 벌어져있는 다리 상태
관절 불안정증,"관절 불안정증 다리    관절을 유지하는 건이나 인대, 연골 등의 손상으로 관절 운동이 불안정한 상태"
관절염,관절염 다리    관절 사이 완충 역할을 해 주는 연골이 파괴되고 관절에 염증성 변화가 일어난 상태
다리 외상,다리 외상 다리    다리를 다쳤어요
다리 통증,"다리 통증 다리    허벅지, 종아리 부위에 생긴 통증"
다리가 잘 안 벌어짐,다리가 잘 안 벌어짐 다리    똑바로 누워 다리를 벌렸을 때 벌어지지 않음
다리변형,다리변형 다리    외상이나 질환에 의해 다리 뼈가 휘는 등의 다리 모양이 변하는 것
다리의 길이가 틀림,다리의 길이가 틀림 다리    똑바로 누워 무릎을 굽혔을 때 무릎의 높이가 다름
무릎 부위 부종,무릎 부위 부종 다리    무릎 부위가 부은 상태
무릎 부위 통증,무릎 부위 통증 다리    무릎 부위에서 느껴지는 통증
보행이상,보행이상 다리    보행 시 중심 이동이 과도하거나 양측의 운동이 불균형하게 나타나 정상적인 보행이 안 되는 것
뻣뻣함,뻣뻣함 다리    뼈와 뼈 사이를 잇는 관절이 굳어 뻣뻣하게 느껴지는 증상
양무릎사이 벌어짐,양무릎사이 벌어짐 다리    다리가 바깥쪽으로 휘어 무릎 사이 간격이 넓어짐
양반다리로 앉기힘듬,"양반다리로 앉기힘듬 다리    대퇴, 고관절 부위에 이상이 있어 바닥에 양반다리로 앉는 자세를 취하기 힘든 상태"
오리걸음,오리걸음 다리    근육이상이나 관절이상의 원인으로 다리를 벌리고 허리와 엉덩이를 흔들며 걷는 모양 
좁은 보폭의 걸음걸이,좁은 보폭의 걸음걸이 다리    아장아장 걷는 듯한 걸음걸이
종아리 근육의 비대,종아리 근육의 비대 다리    종아리 근육이 커짐
파열음,파열음 다리    찢어지면서 나는 소리
파행,파행 다리    다리로 가는 동맥이 폐쇄되거나 허리의 신경이 압박을 받아 다리를 절게 되는 상태
하지 마비,하지 마비 다리    빈칸
하지부종,"하지부종 다리    다리, 발이 부은 상태"
하지의 근력약화,하지의 근력약화 다리    다리의 근육 힘이 약화됨
해파리에 쏘였어요,해파리에 쏘였어요 다리    해파리에 쏘였어요
